customer_id,first_name,last_name,email,gender,contact,country,dob
1,Davey,Cordelet,dcordelet0@infoseek.co.jp,Male,853-571-7605,South Africa,2022/12/09
2,Elia,Croce,ecroce1@livejournal.com,Genderfluid,338-835-4063,South Africa,2022/12/12
3,Mureil,Clapham,mclapham2@dropbox.com,Female,112-584-9843,South Africa,2022/09/25
4,Nicoli,Baglan,nbaglan3@moonfruit.com,Female,788-674-0332,South Africa,2022/06/13
5,Felike,Dabinett,fdabinett4@forbes.com,Male,879-335-5883,South Africa,2023/01/13
6,Magdalena,Fleetham,mfleetham5@cam.ac.uk,Female,838-491-6197,South Africa,2022/12/14
7,Glenn,Raggles,graggles6@home.pl,Female,261-713-0781,South Africa,2023/03/30
8,Wallis,Causier,wcausier7@dailymotion.com,Male,433-660-7140,South Africa,2022/11/19
9,Queenie,Grigor,qgrigor8@de.vu,Genderqueer,806-728-4125,South Africa,2023/05/17
10,Arlen,Maginn,amaginn9@economist.com,Male,787-370-0525,South Africa,2023/05/05
11,Johna,Ondrak,jondraka@hugedomains.com,Bigender,654-261-9656,South Africa,2022/10/22
12,Conney,Westrey,cwestreyb@goo.ne.jp,Male,963-225-1040,South Africa,2022/11/07
13,Dunstan,Ormistone,dormistonec@discovery.com,Bigender,568-234-6793,South Africa,2023/04/01
14,Benni,Hicken,bhickend@archive.org,Female,992-930-5003,South Africa,2022/07/14
15,Tristan,Leehane,tleehanee@list-manage.com,Male,154-563-5912,South Africa,2022/06/20
16,Washington,Harston,wharstonf@cbc.ca,Male,326-405-8885,South Africa,2022/07/07
17,Bridie,McGinly,bmcginlyg@google.cn,Female,482-965-1662,South Africa,2023/02/18
18,Wood,Sandever,wsandeverh@linkedin.com,Male,209-204-5803,South Africa,2022/10/02
19,Durante,Brach,dbrachi@businessweek.com,Bigender,252-619-0806,South Africa,2023/04/02
20,Alonzo,Glasspoole,aglasspoolej@mtv.com,Male,499-132-1858,South Africa,2023/03/21
21,Arnuad,Sawden,asawdenk@bravesites.com,Male,570-101-2009,South Africa,2022/08/18
22,Tedman,MacGillivrie,tmacgillivriel@arstechnica.com,Male,702-442-0082,South Africa,2023/03/01
23,Jarrid,Webby,jwebbym@mlb.com,Male,412-657-2831,South Africa,2022/07/02
24,Ebenezer,Grannell,egrannelln@shutterfly.com,Male,742-186-4055,South Africa,2023/03/10
25,Rawley,Charnley,rcharnleyo@spotify.com,Male,612-502-3708,South Africa,2023/01/30
26,Shell,Lambarth,slambarthp@over-blog.com,Male,560-387-8500,South Africa,2023/05/06
27,Berty,Gerrelts,bgerreltsq@networkadvertising.org,Male,883-507-6865,South Africa,2022/07/23
28,Kristel,Corlett,kcorlettr@ucoz.ru,Female,243-187-0885,South Africa,2023/02/12
29,Thorvald,Marchington,tmarchingtons@wikimedia.org,Male,914-477-6297,South Africa,2023/02/09
30,Wash,Eckersley,weckersleyt@wunderground.com,Male,222-708-7691,South Africa,2022/11/09
31,Colas,Elkins,celkinsu@flickr.com,Male,434-464-6354,South Africa,2023/01/01
32,Adrianna,Spinley,aspinleyv@usatoday.com,Female,422-911-2646,South Africa,2023/02/06
33,Cher,Coggen,ccoggenw@loc.gov,Female,403-929-6837,South Africa,2022/11/05
34,Pippa,Howey,phoweyx@slate.com,Female,935-879-5788,South Africa,2022/12/21
35,See,Habens,shabensy@reference.com,Male,736-743-4287,South Africa,2023/02/07
36,Val,Acomb,vacombz@ycombinator.com,Male,188-801-6184,South Africa,2023/05/27
37,Codi,Tebbitt,ctebbitt10@usatoday.com,Female,193-424-8732,South Africa,2022/06/27
38,Heinrick,Flounders,hflounders11@bloomberg.com,Male,297-456-2541,South Africa,2022/10/26
39,Christabella,Hearse,chearse12@amazonaws.com,Female,239-369-1939,South Africa,2022/07/29
40,Dede,Clavering,dclavering13@google.ru,Female,206-952-1703,South Africa,2022/07/19
41,Dayle,Olivari,dolivari14@vk.com,Female,992-567-9048,South Africa,2023/01/19
42,Manolo,Antonietti,mantonietti15@parallels.com,Male,286-316-9534,South Africa,2023/01/01
43,Crystal,Fursey,cfursey16@nhs.uk,Female,600-666-2585,South Africa,2023/02/11
44,Gabrielle,Goomes,ggoomes17@yellowpages.com,Female,327-736-6528,South Africa,2022/09/23
45,Caren,Gammell,cgammell18@google.de,Female,628-686-1288,South Africa,2022/05/31
46,Alejoa,Hein,ahein19@typepad.com,Male,749-593-1974,South Africa,2023/04/10
47,Tomas,Sibbert,tsibbert1a@technorati.com,Male,823-799-8202,South Africa,2022/10/01
48,Lara,Cobleigh,lcobleigh1b@g.co,Female,428-973-1110,South Africa,2023/04/13
49,Justen,Parkes,jparkes1c@yahoo.com,Male,151-435-5435,South Africa,2023/01/03
50,Clayson,Warlawe,cwarlawe1d@cnet.com,Male,579-157-5646,South Africa,2022/12/26
51,Maurise,Chedzoy,mchedzoy1e@discovery.com,Male,683-209-8711,South Africa,2022/08/16
52,Jonathon,Egiloff,jegiloff1f@sfgate.com,Male,340-224-6960,South Africa,2023/04/19
53,Ondrea,Vido,ovido1g@imdb.com,Female,524-802-9964,South Africa,2023/03/28
54,Earlie,Boyn,eboyn1h@cdbaby.com,Male,478-650-6126,South Africa,2022/09/03
55,Julienne,De Freyne,jdefreyne1i@phpbb.com,Female,969-818-6387,South Africa,2022/10/13
56,Lamont,Pendrill,lpendrill1j@fda.gov,Male,516-331-1811,South Africa,2023/04/08
57,Maynord,Dowding,mdowding1k@goo.ne.jp,Male,890-785-9976,South Africa,2023/04/26
58,Jenilee,MacAlpine,jmacalpine1l@ameblo.jp,Female,875-983-3617,South Africa,2023/04/20
59,Mortimer,Du Pre,mdupre1m@reverbnation.com,Male,103-368-8476,South Africa,2022/12/19
60,Lydie,Spillett,lspillett1n@posterous.com,Female,378-534-5570,South Africa,2022/12/25
61,Linc,Mila,lmila1o@scribd.com,Male,219-471-1149,South Africa,2023/02/11
62,Ezmeralda,Dacres,edacres1p@fema.gov,Female,310-241-4177,South Africa,2023/05/11
63,Findlay,Wallbutton,fwallbutton1q@loc.gov,Male,340-523-3531,South Africa,2022/07/10
64,Elvera,Seeks,eseeks1r@stanford.edu,Female,440-673-6303,South Africa,2022/08/21
65,Tann,Ivankovic,tivankovic1s@ucla.edu,Male,202-614-6615,South Africa,2022/06/25
66,Elspeth,MacGorrie,emacgorrie1t@drupal.org,Female,436-331-5020,South Africa,2022/09/22
67,Byrle,Coulling,bcoulling1u@mtv.com,Male,516-519-9482,South Africa,2022/06/11
68,Haskel,Knowlton,hknowlton1v@go.com,Male,737-948-1084,South Africa,2023/01/16
69,Ulric,Hopewell,uhopewell1w@microsoft.com,Male,698-238-7681,South Africa,2023/03/01
70,Pierre,Maybey,pmaybey1x@ibm.com,Male,843-733-8652,South Africa,2023/04/16
71,Frants,Laffranconi,flaffranconi1y@cloudflare.com,Male,616-286-9182,South Africa,2022/08/17
72,Gardy,Jenkinson,gjenkinson1z@mysql.com,Male,789-914-1580,South Africa,2023/01/18
73,Conant,Bonafant,cbonafant20@google.co.jp,Male,181-158-9382,South Africa,2022/10/06
74,Freda,Cavy,fcavy21@weather.com,Non-binary,458-590-9443,South Africa,2023/02/20
75,Jade,Schulkins,jschulkins22@tiny.cc,Female,964-394-6326,South Africa,2023/04/12
76,Lexine,Perfili,lperfili23@odnoklassniki.ru,Female,838-905-8171,South Africa,2022/06/02
77,Timi,Chippendale,tchippendale24@reverbnation.com,Female,857-519-9540,South Africa,2022/08/05
78,Arlyne,Piggins,apiggins25@simplemachines.org,Female,734-600-4288,South Africa,2022/10/28
79,Nettie,Enrdigo,nenrdigo26@merriam-webster.com,Female,472-430-1976,South Africa,2022/08/30
80,Kerrie,Foyle,kfoyle27@bloglovin.com,Agender,803-571-9106,South Africa,2022/06/04
81,Alisha,Alliot,aalliot28@upenn.edu,Female,883-845-2724,South Africa,2022/12/19
82,Nollie,Wiggett,nwiggett29@cloudflare.com,Male,669-701-2421,South Africa,2022/09/15
83,Caro,Courtman,ccourtman2a@newsvine.com,Female,248-514-3751,South Africa,2022/07/10
84,Blondelle,Howselee,bhowselee2b@desdev.cn,Female,520-505-3644,South Africa,2022/11/01
85,Sondra,Whitefoot,swhitefoot2c@scientificamerican.com,Non-binary,286-313-2248,South Africa,2023/02/03
86,Gaynor,Aston,gaston2d@istockphoto.com,Female,147-345-8023,South Africa,2022/10/06
87,Abby,Killingsworth,akillingsworth2e@cam.ac.uk,Male,261-579-7913,South Africa,2023/02/03
88,Gleda,Firman,gfirman2f@tamu.edu,Female,317-369-1891,South Africa,2022/06/05
89,Nerissa,Blanch,nblanch2g@amazon.de,Female,221-593-9013,South Africa,2023/04/03
90,Pascale,Kerwick,pkerwick2h@shutterfly.com,Male,518-805-6473,South Africa,2023/04/29
91,Fernandina,Martinet,fmartinet2i@ox.ac.uk,Female,574-793-1257,South Africa,2023/03/14
92,Noam,Wash,nwash2j@uiuc.edu,Male,825-872-0354,South Africa,2022/07/23
93,Samuele,Vogeller,svogeller2k@dailymail.co.uk,Male,564-532-9399,South Africa,2022/06/03
94,Chase,Salazar,csalazar2l@phoca.cz,Male,571-121-5747,South Africa,2022/08/31
95,Jackqueline,Duplock,jduplock2m@jiathis.com,Female,866-437-0052,South Africa,2023/02/01
96,Thekla,Finders,tfinders2n@flavors.me,Female,522-121-4826,South Africa,2022/11/02
97,Mallory,Genny,mgenny2o@google.nl,Male,736-512-7543,South Africa,2023/04/26
98,Graig,Petcher,gpetcher2p@cloudflare.com,Male,437-846-8495,South Africa,2022/08/23
99,Germaine,Rizzardo,grizzardo2q@amazon.com,Male,421-942-1398,South Africa,2023/05/01
100,Malorie,Hubbock,mhubbock2r@rakuten.co.jp,Female,348-261-1559,South Africa,2022/10/27
101,Audie,Vonderdell,avonderdell2s@blogger.com,Female,419-628-5330,South Africa,2023/05/04
102,Gerhardt,Twigge,gtwigge2t@histats.com,Male,413-699-1952,South Africa,2023/02/12
103,Cecilius,Skouling,cskouling2u@cafepress.com,Male,361-302-9657,South Africa,2023/01/19
104,Harriett,Achrameev,hachrameev2v@hibu.com,Agender,658-546-7757,South Africa,2022/12/15
105,Leilah,McCaster,lmccaster2w@ehow.com,Female,321-941-2483,South Africa,2023/05/01
106,Collete,Antley,cantley2x@nyu.edu,Female,393-870-6458,South Africa,2022/11/07
107,Brucie,Bett,bbett2y@weebly.com,Male,524-630-1769,South Africa,2022/09/19
108,Aldus,Kilty,akilty2z@t-online.de,Male,664-375-6275,South Africa,2022/11/09
109,Romain,Ewells,rewells30@theatlantic.com,Male,380-869-5377,South Africa,2022/06/09
110,Dulcinea,Benediktsson,dbenediktsson31@ask.com,Female,158-997-3244,South Africa,2022/11/26
111,Karlyn,Coultous,kcoultous32@bigcartel.com,Genderfluid,287-563-8638,South Africa,2022/05/31
112,Byran,Ranner,branner33@nhs.uk,Male,688-824-0624,South Africa,2023/03/03
113,Benedikt,Barthelemy,bbarthelemy34@google.ru,Agender,420-545-0406,South Africa,2022/10/03
114,Richmond,Basey,rbasey35@spiegel.de,Male,646-520-2987,South Africa,2022/11/26
115,Robena,Jurgensen,rjurgensen36@gizmodo.com,Female,308-291-1777,South Africa,2022/10/24
116,Antonia,Gunbie,agunbie37@unc.edu,Female,450-511-8416,South Africa,2023/02/10
117,Silvanus,Lucien,slucien38@about.me,Male,552-814-4224,South Africa,2023/03/20
118,Orran,Ducker,oducker39@com.com,Male,869-211-7587,South Africa,2022/12/26
119,Hadley,Boxer,hboxer3a@berkeley.edu,Male,847-667-8212,South Africa,2023/03/27
120,Dolly,Martyntsev,dmartyntsev3b@npr.org,Genderqueer,357-226-6804,South Africa,2023/05/06
121,Saundra,Ioselev,sioselev3c@youtu.be,Male,145-248-9524,South Africa,2023/03/06
122,Sayer,Dryden,sdryden3d@hibu.com,Male,294-387-3573,South Africa,2022/07/26
123,Willem,Coronas,wcoronas3e@mapquest.com,Male,977-290-0649,South Africa,2022/08/07
124,Gillie,Tordoff,gtordoff3f@comsenz.com,Female,871-439-5980,South Africa,2022/12/18
125,Maia,Withey,mwithey3g@blogger.com,Female,785-947-8606,South Africa,2022/08/11
126,Karly,McKenzie,kmckenzie3h@berkeley.edu,Female,106-987-1531,South Africa,2022/08/10
127,Tobit,Whitfeld,twhitfeld3i@youtu.be,Male,995-937-0854,South Africa,2022/10/09
128,Yovonnda,Rimmer,yrimmer3j@npr.org,Female,646-224-8212,South Africa,2022/12/25
129,Halie,Ferran,hferran3k@amazon.com,Female,820-753-6694,South Africa,2023/04/21
130,Reece,Cholonin,rcholonin3l@deliciousdays.com,Male,119-207-8258,South Africa,2023/01/29
131,Livvie,Cassely,lcassely3m@timesonline.co.uk,Female,528-156-4481,South Africa,2022/10/11
132,Forester,Burdess,fburdess3n@nhs.uk,Male,932-277-2582,South Africa,2023/03/18
133,Maurice,Hullin,mhullin3o@amazon.com,Genderqueer,358-108-8574,South Africa,2022/06/16
134,Stefano,Weatherdon,sweatherdon3p@economist.com,Male,347-731-6916,South Africa,2023/04/27
135,Emmerich,Gayne,egayne3q@ftc.gov,Male,269-362-8247,South Africa,2023/04/18
136,Bowie,Simonard,bsimonard3r@tumblr.com,Male,868-826-5228,South Africa,2022/10/26
137,Yancey,Barrell,ybarrell3s@yale.edu,Male,814-460-7621,South Africa,2023/01/02
138,Manolo,Smerdon,msmerdon3t@yelp.com,Male,946-327-2180,South Africa,2022/10/20
139,Abbie,Goodlake,agoodlake3u@so-net.ne.jp,Male,458-243-9551,South Africa,2023/05/23
140,Esme,Camell,ecamell3v@blinklist.com,Male,309-699-6549,South Africa,2022/12/05
141,Rey,Jammet,rjammet3w@storify.com,Female,281-531-2446,South Africa,2022/08/07
142,Caroline,Duell,cduell3x@cisco.com,Polygender,223-989-1469,South Africa,2023/04/07
143,Bard,Maffeo,bmaffeo3y@yellowbook.com,Male,662-206-0822,South Africa,2022/09/08
144,Florie,Moodie,fmoodie3z@walmart.com,Female,461-549-1162,South Africa,2023/05/14
145,Moshe,Chazette,mchazette40@clickbank.net,Male,783-128-1868,South Africa,2023/01/03
146,Ina,McNysche,imcnysche41@zimbio.com,Female,867-731-9306,South Africa,2023/03/18
147,Brianne,Giamitti,bgiamitti42@twitter.com,Female,233-678-9902,South Africa,2022/06/14
148,Belva,Pearle,bpearle43@behance.net,Female,824-761-9703,South Africa,2023/02/09
149,Lind,Seviour,lseviour44@tiny.cc,Male,512-345-3917,South Africa,2022/12/02
150,Malchy,Pearl,mpearl45@smugmug.com,Male,988-475-7609,South Africa,2023/03/04
151,Dwight,Pumphrey,dpumphrey46@geocities.com,Male,826-335-9621,South Africa,2022/11/14
152,Ruddy,Glenn,rglenn47@geocities.com,Male,818-589-6223,South Africa,2022/10/12
153,Francine,Dobkin,fdobkin48@umn.edu,Female,797-546-4371,South Africa,2023/03/18
154,Staffard,Wrefford,swrefford49@jimdo.com,Male,345-738-0934,South Africa,2023/03/28
155,Shaughn,Martinetto,smartinetto4a@omniture.com,Male,656-540-2708,South Africa,2023/02/09
156,Bryna,Clearley,bclearley4b@state.gov,Female,779-884-4682,South Africa,2022/11/22
157,Paulie,Breit,pbreit4c@tripadvisor.com,Female,375-499-5251,South Africa,2022/07/21
158,Talbert,Bigland,tbigland4d@diigo.com,Male,681-830-1293,South Africa,2023/05/04
159,Justin,Kibel,jkibel4e@ocn.ne.jp,Male,924-447-8250,South Africa,2022/08/29
160,Rollin,Waldie,rwaldie4f@eepurl.com,Male,691-649-6654,South Africa,2022/07/28
161,Tommie,Tume,ttume4g@cbc.ca,Female,923-627-8839,South Africa,2022/09/01
162,Hayward,Tzarkov,htzarkov4h@drupal.org,Agender,846-687-3786,South Africa,2022/09/30
163,Alyse,Criag,acriag4i@wisc.edu,Female,989-863-5892,South Africa,2022/06/08
164,Desiri,Twohig,dtwohig4j@weebly.com,Female,530-663-5525,South Africa,2022/07/07
165,Isidoro,Beveredge,ibeveredge4k@usa.gov,Male,727-701-0618,South Africa,2023/01/18
166,Hurley,Phelipeau,hphelipeau4l@bing.com,Male,908-638-0116,South Africa,2023/01/19
167,Seymour,Mingay,smingay4m@si.edu,Male,750-489-0266,South Africa,2022/10/08
168,Hertha,Kier,hkier4n@mediafire.com,Female,458-818-8436,South Africa,2022/05/30
169,Reine,MacKaile,rmackaile4o@drupal.org,Female,586-286-2743,South Africa,2023/03/17
170,Rubina,MacKeller,rmackeller4p@privacy.gov.au,Female,263-758-7559,South Africa,2022/11/24
171,Robinet,Bean,rbean4q@xinhuanet.com,Male,261-248-9015,South Africa,2022/06/06
172,Westbrook,Bertwistle,wbertwistle4r@vistaprint.com,Male,960-276-0436,South Africa,2022/08/02
173,Wendel,Dunrige,wdunrige4s@ustream.tv,Male,258-310-6960,South Africa,2023/01/11
174,Cherianne,McLinden,cmclinden4t@dailymail.co.uk,Female,914-742-8062,South Africa,2022/09/22
175,Laetitia,Oliver,loliver4u@hostgator.com,Female,390-946-1140,South Africa,2022/06/03
176,Kellina,Piercey,kpiercey4v@opensource.org,Female,732-550-8435,South Africa,2022/12/09
177,Ede,Barnwall,ebarnwall4w@salon.com,Agender,490-642-4114,South Africa,2023/01/08
178,Flem,Stretton,fstretton4x@example.com,Genderqueer,137-613-9879,South Africa,2023/03/14
179,Xerxes,Joriot,xjoriot4y@dagondesign.com,Male,162-877-2845,South Africa,2023/03/07
180,Giulietta,Dermott,gdermott4z@bloglovin.com,Female,406-717-9941,South Africa,2023/04/15
181,Seumas,Brady,sbrady50@ocn.ne.jp,Male,693-526-8407,South Africa,2022/11/05
182,Andromache,Andrieux,aandrieux51@aol.com,Female,312-722-2496,South Africa,2023/04/20
183,Kendell,Bramich,kbramich52@comcast.net,Male,189-217-9039,South Africa,2022/09/05
184,Willard,Naisbitt,wnaisbitt53@csmonitor.com,Male,780-215-5941,South Africa,2022/11/08
185,Avery,Gipp,agipp54@spotify.com,Male,205-217-2573,South Africa,2023/03/28
186,Lexi,Gourlie,lgourlie55@yelp.com,Female,772-339-7294,South Africa,2023/05/29
187,Sibley,Riccio,sriccio56@apache.org,Female,596-772-9990,South Africa,2022/10/10
188,Cher,Laphorn,claphorn57@360.cn,Female,517-485-2694,South Africa,2022/11/27
189,Janie,Golda,jgolda58@loc.gov,Female,630-296-9148,South Africa,2023/04/07
190,Courtnay,Smouten,csmouten59@ask.com,Male,771-264-9406,South Africa,2022/09/09
191,Herschel,Lemmon,hlemmon5a@bloglines.com,Male,203-530-6651,South Africa,2022/12/20
192,Nanny,Donne,ndonne5b@mac.com,Female,586-810-7354,South Africa,2022/07/30
193,Fanchon,Mead,fmead5c@ftc.gov,Female,819-977-8277,South Africa,2022/11/01
194,Donnie,Lehrian,dlehrian5d@pinterest.com,Male,850-245-8070,South Africa,2022/10/03
195,Dede,Tibbles,dtibbles5e@seattletimes.com,Female,726-499-5260,South Africa,2023/04/23
196,Leesa,Drewett,ldrewett5f@blogger.com,Female,241-887-8333,South Africa,2023/03/12
197,Hazel,Lockyear,hlockyear5g@trellian.com,Male,717-788-5011,South Africa,2022/06/22
198,Lyndsey,Orcott,lorcott5h@nba.com,Female,330-771-3990,South Africa,2023/04/15
199,Tarrance,Leppard,tleppard5i@wix.com,Male,836-574-5680,South Africa,2022/07/27
200,Piggy,McIlroy,pmcilroy5j@issuu.com,Male,824-259-2643,South Africa,2023/04/01
201,Fulton,Gon,fgon5k@bandcamp.com,Bigender,586-619-2179,South Africa,2022/09/04
202,Mart,Slopier,mslopier5l@vistaprint.com,Male,542-766-2294,South Africa,2022/11/06
203,Wenonah,Coppeard,wcoppeard5m@privacy.gov.au,Agender,864-432-7691,South Africa,2022/06/23
204,Wiatt,Jermey,wjermey5n@usnews.com,Male,389-161-1301,South Africa,2022/11/05
205,Jeramey,McCarney,jmccarney5o@printfriendly.com,Male,647-989-9744,South Africa,2022/12/12
206,Van,Utridge,vutridge5p@infoseek.co.jp,Female,569-526-1659,South Africa,2022/10/21
207,Van,Matityahu,vmatityahu5q@shareasale.com,Male,557-211-2944,South Africa,2022/10/15
208,Glenna,Have,ghave5r@google.com,Female,334-332-2569,South Africa,2023/05/29
209,Kerwin,Havenhand,khavenhand5s@nba.com,Male,396-351-2583,South Africa,2023/01/10
210,Kandy,Kynston,kkynston5t@reddit.com,Female,651-584-3447,South Africa,2022/09/21
211,Wesley,Wallentin,wwallentin5u@google.ca,Non-binary,228-795-5212,South Africa,2022/07/04
212,Loreen,Cuskery,lcuskery5v@weebly.com,Female,254-659-9444,South Africa,2023/01/16
213,Chad,Jeckell,cjeckell5w@webmd.com,Male,970-954-2061,South Africa,2023/04/22
214,Zechariah,Duffill,zduffill5x@un.org,Male,580-380-5568,South Africa,2023/05/09
215,Ferrell,Shemelt,fshemelt5y@howstuffworks.com,Male,248-223-7582,South Africa,2023/01/10
216,Bryan,Sorton,bsorton5z@epa.gov,Male,482-185-6661,South Africa,2022/11/18
217,Noellyn,McGairl,nmcgairl60@nps.gov,Bigender,107-790-2387,South Africa,2022/07/08
218,Dieter,Reddings,dreddings61@bloglovin.com,Male,477-809-2072,South Africa,2022/12/22
219,Oates,Jammes,ojammes62@ihg.com,Male,960-233-7724,South Africa,2023/01/12
220,Graehme,Abbe,gabbe63@goo.gl,Genderqueer,582-775-2419,South Africa,2022/08/17
221,Herbie,Bellison,hbellison64@yellowbook.com,Male,301-253-1771,South Africa,2022/06/04
222,Willi,Gasnell,wgasnell65@webeden.co.uk,Male,119-961-4655,South Africa,2022/10/24
223,Errol,Karchewski,ekarchewski66@dmoz.org,Male,930-584-9923,South Africa,2023/05/24
224,Tamar,Suarez,tsuarez67@multiply.com,Female,656-298-3995,South Africa,2022/08/27
225,Fern,Eley,feley68@buzzfeed.com,Female,982-209-8644,South Africa,2022/07/09
226,Almira,Pedican,apedican69@blinklist.com,Non-binary,441-380-5985,South Africa,2022/10/14
227,Conchita,Sancias,csancias6a@sina.com.cn,Female,495-574-3725,South Africa,2022/07/07
228,Alejandra,Cunniffe,acunniffe6b@ox.ac.uk,Female,351-729-7847,South Africa,2022/06/18
229,Monique,Verryan,mverryan6c@china.com.cn,Female,840-188-6049,South Africa,2022/11/22
230,Keene,Rosterne,krosterne6d@liveinternet.ru,Male,528-126-5187,South Africa,2023/01/27
231,Reilly,Acres,racres6e@soup.io,Male,277-415-5953,South Africa,2023/05/07
232,Wayne,MacGowing,wmacgowing6f@google.com.au,Male,509-854-0354,South Africa,2022/12/16
233,Selinda,McLugaish,smclugaish6g@spotify.com,Female,102-689-5613,South Africa,2022/08/21
234,Myles,Grealy,mgrealy6h@si.edu,Male,553-656-8644,South Africa,2023/01/19
235,Way,Mar,wmar6i@delicious.com,Male,314-900-0975,South Africa,2022/06/13
236,Kim,Grimley,kgrimley6j@wisc.edu,Female,709-863-0415,South Africa,2022/10/17
237,Camel,Hazard,chazard6k@booking.com,Female,703-889-2971,South Africa,2022/11/24
238,Ky,Ellicombe,kellicombe6l@pagesperso-orange.fr,Male,996-424-4632,South Africa,2022/10/20
239,Arlyn,Hannabuss,ahannabuss6m@fastcompany.com,Genderfluid,976-808-6204,South Africa,2023/02/18
240,Cariotta,Knock,cknock6n@nsw.gov.au,Female,772-405-3751,South Africa,2023/01/22
241,Gusella,Rosten,grosten6o@jiathis.com,Female,253-205-8342,South Africa,2022/09/10
242,Amaleta,Beverley,abeverley6p@furl.net,Female,473-313-5795,South Africa,2022/09/27
243,Peter,Ventum,pventum6q@imageshack.us,Male,694-450-8991,South Africa,2023/01/11
244,Kay,Blaver,kblaver6r@bizjournals.com,Female,779-891-0725,South Africa,2022/09/16
245,Jan,Ingliby,jingliby6s@blogs.com,Non-binary,827-443-0106,South Africa,2022/12/01
246,Cyrillus,Pulbrook,cpulbrook6t@state.gov,Male,998-981-8557,South Africa,2022/08/12
247,Amerigo,Spellard,aspellard6u@tiny.cc,Male,153-698-7811,South Africa,2022/10/19
248,Drucie,Privett,dprivett6v@theglobeandmail.com,Female,741-366-7036,South Africa,2022/07/02
249,Parry,Dearman,pdearman6w@bandcamp.com,Male,498-454-0693,South Africa,2022/08/05
250,Allina,Inskipp,ainskipp6x@behance.net,Female,595-360-0604,South Africa,2022/12/07
251,Della,Force,dforce6y@furl.net,Female,727-642-8452,South Africa,2022/05/30
252,Aldrich,Ryle,aryle6z@hexun.com,Male,910-124-0075,South Africa,2023/04/04
253,Kirsteni,Confait,kconfait70@blinklist.com,Non-binary,572-451-1071,South Africa,2023/04/18
254,Windy,Nozzolinii,wnozzolinii71@springer.com,Female,690-939-8739,South Africa,2022/11/21
255,Cleavland,Pellitt,cpellitt72@sourceforge.net,Male,418-608-3286,South Africa,2022/08/28
256,Horatius,Jugging,hjugging73@apple.com,Male,660-703-1395,South Africa,2022/09/24
257,Karleen,Corgenvin,kcorgenvin74@dailymail.co.uk,Female,520-527-9293,South Africa,2023/03/27
258,Florinda,Tanti,ftanti75@virginia.edu,Female,994-484-7154,South Africa,2022/10/05
259,Ivie,Whitfield,iwhitfield76@wordpress.com,Female,149-835-9023,South Africa,2023/04/15
260,Shannan,Hoffmann,shoffmann77@china.com.cn,Male,195-940-4848,South Africa,2022/07/06
261,Stephen,Fruish,sfruish78@google.nl,Bigender,416-861-6961,South Africa,2022/08/21
262,Clark,Stolberg,cstolberg79@shutterfly.com,Male,724-270-4079,South Africa,2023/01/24
263,Merrile,Welfair,mwelfair7a@upenn.edu,Genderfluid,616-550-7997,South Africa,2023/01/31
264,Giana,Gooding,ggooding7b@nsw.gov.au,Female,295-410-1962,South Africa,2023/05/28
265,Daryl,Ruthen,druthen7c@etsy.com,Male,279-258-5537,South Africa,2022/08/20
266,Delly,Molfino,dmolfino7d@pcworld.com,Female,951-737-8391,South Africa,2023/03/20
267,Waverley,Folliss,wfolliss7e@elpais.com,Male,625-369-8476,South Africa,2023/03/10
268,Kimball,Asgodby,kasgodby7f@skyrock.com,Male,318-516-5802,South Africa,2023/03/02
269,Muhammad,Mishaw,mmishaw7g@deviantart.com,Male,153-438-1093,South Africa,2023/03/13
270,Reinaldos,Roubeix,rroubeix7h@smugmug.com,Male,344-209-2813,South Africa,2022/10/25
271,Gloriana,Hallbird,ghallbird7i@nydailynews.com,Female,634-542-6368,South Africa,2022/06/01
272,Ophelia,Cauldwell,ocauldwell7j@tumblr.com,Female,489-977-1335,South Africa,2022/08/11
273,Cass,Bramont,cbramont7k@sbwire.com,Female,682-940-7357,South Africa,2023/05/23
274,Trumaine,Drysdall,tdrysdall7l@ed.gov,Male,912-974-0001,South Africa,2023/05/06
275,Arnaldo,Balogun,abalogun7m@google.fr,Male,633-256-5660,South Africa,2022/08/23
276,Arabel,McClifferty,amcclifferty7n@so-net.ne.jp,Female,365-642-9051,South Africa,2023/01/03
277,Stacee,Flatley,sflatley7o@google.de,Genderqueer,864-752-3751,South Africa,2022/10/07
278,Baron,Simnell,bsimnell7p@toplist.cz,Male,538-202-3584,South Africa,2023/02/02
279,Ailbert,Arnefield,aarnefield7q@vkontakte.ru,Male,774-357-9073,South Africa,2022/09/01
280,Rachel,Hawksley,rhawksley7r@tinypic.com,Female,120-989-9790,South Africa,2023/02/09
281,Leelah,Chapiro,lchapiro7s@vinaora.com,Female,315-407-0796,South Africa,2023/04/02
282,Antony,Durdan,adurdan7t@ted.com,Male,607-526-8614,South Africa,2023/01/29
283,Kattie,McLewd,kmclewd7u@last.fm,Female,750-424-9210,South Africa,2022/07/27
284,Adeline,Matlock,amatlock7v@discuz.net,Female,944-365-1281,South Africa,2022/09/29
285,King,Cadore,kcadore7w@ebay.co.uk,Male,903-619-2237,South Africa,2023/04/20
286,Sherwin,Rodgerson,srodgerson7x@weibo.com,Male,414-611-8341,South Africa,2022/10/30
287,Noll,Storch,nstorch7y@a8.net,Male,966-678-4590,South Africa,2022/12/03
288,Brockie,oldey,boldey7z@earthlink.net,Male,591-941-1954,South Africa,2022/06/26
289,Yanaton,Oade,yoade80@miitbeian.gov.cn,Male,774-770-9406,South Africa,2023/01/31
290,Roselle,Camerati,rcamerati81@ca.gov,Female,581-533-9682,South Africa,2022/11/15
291,Mil,Addenbrooke,maddenbrooke82@marketwatch.com,Female,508-684-4584,South Africa,2022/08/24
292,Dale,Highnam,dhighnam83@ft.com,Female,241-174-4663,South Africa,2023/03/01
293,Orella,Hatherleigh,ohatherleigh84@cloudflare.com,Female,802-250-3215,South Africa,2022/08/11
294,Eyde,Delepine,edelepine85@furl.net,Female,544-908-4540,South Africa,2022/11/19
295,Pete,Hasely,phasely86@unc.edu,Male,406-873-7214,South Africa,2023/04/05
296,Corny,Teasdale,cteasdale87@hexun.com,Male,506-846-7194,South Africa,2023/05/03
297,Lucila,Jagiello,ljagiello88@nsw.gov.au,Female,208-698-5947,South Africa,2022/12/20
298,Gayelord,Shorto,gshorto89@opera.com,Male,611-714-0302,South Africa,2023/01/17
299,Claire,Yakunchikov,cyakunchikov8a@wufoo.com,Male,551-251-4423,South Africa,2022/08/01
300,Sutton,Hugonet,shugonet8b@google.co.uk,Agender,364-743-5963,South Africa,2022/08/17
301,Karina,Aylett,kaylett8c@miibeian.gov.cn,Bigender,699-433-2999,South Africa,2023/02/02
302,Dom,Gander,dgander8d@example.com,Male,528-118-5988,South Africa,2022/05/31
303,Stephanie,Schimann,sschimann8e@blogtalkradio.com,Female,994-721-7857,South Africa,2022/10/10
304,Stevie,Ramm,sramm8f@npr.org,Male,957-400-3492,South Africa,2022/06/01
305,Melisenda,Brettelle,mbrettelle8g@ustream.tv,Female,952-506-0079,South Africa,2022/12/20
306,Jillie,Jezard,jjezard8h@army.mil,Female,787-647-5167,South Africa,2023/04/18
307,Allyson,Aron,aaron8i@ustream.tv,Female,810-356-2355,South Africa,2023/05/26
308,Hilly,Megson,hmegson8j@cnet.com,Male,109-420-7273,South Africa,2023/05/06
309,Eduino,Bowart,ebowart8k@cmu.edu,Male,206-325-4650,South Africa,2023/04/26
310,Theodor,Kield,tkield8l@meetup.com,Male,376-296-8077,South Africa,2023/01/01
311,Conn,Grigolli,cgrigolli8m@trellian.com,Genderqueer,550-557-9107,South Africa,2023/03/18
312,Erroll,Jennions,ejennions8n@ox.ac.uk,Male,248-783-6709,South Africa,2022/09/07
313,Wolfy,Luigi,wluigi8o@gnu.org,Non-binary,567-591-5769,South Africa,2023/03/13
314,Sophia,Paler,spaler8p@reference.com,Genderfluid,486-523-7034,South Africa,2022/07/27
315,Raine,Semaine,rsemaine8q@umich.edu,Female,277-360-6554,South Africa,2023/05/05
316,Carmencita,Garstan,cgarstan8r@google.ru,Female,290-187-1575,South Africa,2023/02/16
317,Charmane,Knee,cknee8s@stanford.edu,Female,388-530-6439,South Africa,2022/07/06
318,Lusa,Cecil,lcecil8t@google.co.uk,Female,185-498-9907,South Africa,2022/06/02
319,Danya,Pott,dpott8u@house.gov,Female,256-186-1700,South Africa,2023/01/29
320,Jefferson,Filby,jfilby8v@geocities.jp,Agender,711-179-5645,South Africa,2022/06/27
321,Marabel,St. Quintin,mstquintin8w@smh.com.au,Female,309-184-9064,South Africa,2023/03/21
322,Clemente,Bousquet,cbousquet8x@zdnet.com,Male,669-984-7003,South Africa,2023/02/08
323,Cristina,Buckston,cbuckston8y@imageshack.us,Female,725-157-2736,South Africa,2022/09/07
324,Darlene,Titcombe,dtitcombe8z@tinypic.com,Female,391-320-0665,South Africa,2022/09/12
325,Lyle,Colten,lcolten90@prweb.com,Male,707-711-9850,South Africa,2022/06/22
326,Aindrea,Bartlosz,abartlosz91@linkedin.com,Female,836-167-7839,South Africa,2022/09/13
327,Anallise,Foulkes,afoulkes92@forbes.com,Female,165-238-4542,South Africa,2022/07/02
328,Judie,Paulsson,jpaulsson93@behance.net,Female,554-482-6823,South Africa,2022/10/24
329,Pattie,Neylon,pneylon94@xrea.com,Female,926-425-3891,South Africa,2023/01/01
330,Cobb,Vignaux,cvignaux95@unblog.fr,Male,624-468-4583,South Africa,2022/06/02
331,Lilian,Peal,lpeal96@home.pl,Female,714-843-6123,South Africa,2022/06/06
332,Hardy,Brazear,hbrazear97@reference.com,Male,563-423-5853,South Africa,2023/03/15
333,Ola,Isaq,oisaq98@desdev.cn,Female,774-623-8567,South Africa,2023/02/14
334,Ferdinand,Faunt,ffaunt99@de.vu,Male,612-546-6700,South Africa,2023/05/15
335,Essie,Boniface,eboniface9a@hexun.com,Female,322-404-6792,South Africa,2022/12/08
336,Walsh,Court,wcourt9b@github.com,Male,724-842-8539,South Africa,2022/07/06
337,Susan,Lambdon,slambdon9c@qq.com,Female,245-320-4884,South Africa,2022/07/23
338,Dilan,Darter,ddarter9d@prlog.org,Male,796-871-2410,South Africa,2023/04/21
339,Linnell,Wallis,lwallis9e@ox.ac.uk,Female,244-836-0857,South Africa,2022/11/09
340,Haley,Sainz,hsainz9f@simplemachines.org,Male,166-844-8916,South Africa,2022/05/31
341,Foss,Kerkham,fkerkham9g@1und1.de,Male,243-245-7846,South Africa,2022/09/18
342,Devy,Pinfold,dpinfold9h@imgur.com,Male,525-893-6557,South Africa,2023/03/01
343,Amity,Brockwell,abrockwell9i@mtv.com,Female,667-763-9744,South Africa,2023/01/23
344,Jethro,Lightbourne,jlightbourne9j@cnn.com,Male,536-700-7695,South Africa,2022/08/29
345,Row,Deeble,rdeeble9k@si.edu,Female,799-542-0002,South Africa,2022/06/24
346,Brietta,Mazzilli,bmazzilli9l@zimbio.com,Female,710-247-1571,South Africa,2023/01/06
347,Charo,Cominotti,ccominotti9m@webeden.co.uk,Female,833-670-8894,South Africa,2023/02/03
348,Edithe,Niaves,eniaves9n@phpbb.com,Female,173-851-8576,South Africa,2023/04/02
349,Shawn,Addeycott,saddeycott9o@youtube.com,Female,908-422-2315,South Africa,2022/07/02
350,Whitney,Emlen,wemlen9p@exblog.jp,Male,302-344-2338,South Africa,2022/09/14
351,Hildy,Teal,hteal9q@noaa.gov,Non-binary,947-227-5725,South Africa,2022/10/11
352,Alyssa,Irons,airons9r@hubpages.com,Genderqueer,604-259-2705,South Africa,2023/03/07
353,Blanch,Nettleship,bnettleship9s@telegraph.co.uk,Female,187-871-1268,South Africa,2023/03/22
354,Franny,Elias,felias9t@myspace.com,Male,344-856-7189,South Africa,2022/09/08
355,Costa,Poel,cpoel9u@reddit.com,Male,914-256-6333,South Africa,2022/09/20
356,Bartholomeus,Potteridge,bpotteridge9v@loc.gov,Male,444-944-7817,South Africa,2023/03/31
357,Jaclyn,Mortel,jmortel9w@hatena.ne.jp,Female,590-793-2343,South Africa,2023/01/02
358,Martyn,Coultous,mcoultous9x@nifty.com,Male,114-462-2624,South Africa,2022/06/28
359,Korella,Danko,kdanko9y@pcworld.com,Non-binary,897-801-4810,South Africa,2023/05/25
360,Tedra,Kemmis,tkemmis9z@csmonitor.com,Female,810-838-4855,South Africa,2022/06/26
361,Gallagher,Snadden,gsnaddena0@t.co,Male,505-495-7822,South Africa,2022/06/30
362,Ivar,Rainville,irainvillea1@techcrunch.com,Male,543-202-5668,South Africa,2023/03/16
363,Clemmie,Vitet,cviteta2@multiply.com,Female,370-747-1284,South Africa,2022/11/08
364,Jarrid,Broxap,jbroxapa3@psu.edu,Male,148-859-4008,South Africa,2023/05/25
365,Tessi,Abelevitz,tabelevitza4@mashable.com,Female,428-403-2997,South Africa,2023/01/24
366,Moishe,Hospital,mhospitala5@artisteer.com,Male,638-362-4293,South Africa,2022/11/28
367,Bret,Callear,bcalleara6@omniture.com,Male,334-505-2103,South Africa,2022/06/20
368,Valene,Twidle,vtwidlea7@drupal.org,Female,609-776-5633,South Africa,2022/10/20
369,Derward,Castledine,dcastledinea8@hibu.com,Male,316-652-3321,South Africa,2023/04/22
370,Alfons,Poe,apoea9@microsoft.com,Male,159-142-7965,South Africa,2023/05/19
371,Sanford,Deards,sdeardsaa@hud.gov,Male,346-269-1120,South Africa,2023/01/08
372,Audie,Codd,acoddab@guardian.co.uk,Female,647-105-9258,South Africa,2022/12/09
373,Nettle,Bowden,nbowdenac@narod.ru,Female,407-832-2774,South Africa,2022/10/17
374,Sylvan,Delagua,sdelaguaad@woothemes.com,Male,207-304-3514,South Africa,2023/05/19
375,Skippy,Fairholme,sfairholmeae@huffingtonpost.com,Male,211-823-2956,South Africa,2023/01/29
376,Nessa,Vallis,nvallisaf@earthlink.net,Female,146-900-6885,South Africa,2022/08/05
377,Walt,Parzizek,wparzizekag@godaddy.com,Male,382-376-2668,South Africa,2022/07/03
378,Kassi,McCawley,kmccawleyah@skyrock.com,Female,596-351-4687,South Africa,2022/08/18
379,Luce,Elner,lelnerai@bing.com,Female,722-270-3707,South Africa,2022/06/09
380,Suzette,Cherry Holme,scherryholmeaj@admin.ch,Female,850-852-0089,South Africa,2022/08/21
381,Debbi,O'Shesnan,doshesnanak@mac.com,Female,812-905-8194,South Africa,2023/01/10
382,Robena,Wroath,rwroathal@go.com,Female,489-845-0492,South Africa,2023/01/11
383,Cheryl,Endricci,cendricciam@cdbaby.com,Female,599-656-8658,South Africa,2022/10/16
384,Conny,Exeter,cexeteran@intel.com,Female,359-124-7051,South Africa,2022/10/02
385,Sherilyn,Habercham,shaberchamao@businesswire.com,Female,938-804-5762,South Africa,2022/09/03
386,Janos,Nice,jniceap@taobao.com,Male,110-334-2998,South Africa,2023/04/25
387,Kristoforo,Salmoni,ksalmoniaq@mac.com,Male,664-556-7230,South Africa,2022/07/20
388,Ernie,Robillart,erobillartar@issuu.com,Genderfluid,503-146-0632,South Africa,2022/08/21
389,Rosanna,Crake,rcrakeas@soundcloud.com,Genderqueer,108-563-7345,South Africa,2022/06/24
390,Adriaens,Shutler,ashutlerat@hexun.com,Polygender,803-198-6583,South Africa,2023/04/22
391,Milton,Goodayle,mgoodayleau@360.cn,Male,931-151-1494,South Africa,2023/04/13
392,Frasquito,Marron,fmarronav@newyorker.com,Male,485-224-1039,South Africa,2022/07/06
393,Letty,Gartshore,lgartshoreaw@google.es,Female,991-669-9920,South Africa,2022/11/19
394,Gypsy,Orringe,gorringeax@blogtalkradio.com,Female,266-185-8269,South Africa,2022/07/05
395,Alphonso,Vassar,avassaray@deliciousdays.com,Male,676-397-4331,South Africa,2023/02/11
396,Brok,Oake,boakeaz@wufoo.com,Genderfluid,857-551-2968,South Africa,2022/10/12
397,Ethelin,Benoi,ebenoib0@utexas.edu,Female,335-976-3638,South Africa,2023/03/27
398,Benedikt,Southeran,bsoutheranb1@boston.com,Bigender,646-812-0747,South Africa,2022/11/03
399,Hamel,Haseman,hhasemanb2@histats.com,Male,888-233-4910,South Africa,2022/06/05
400,Ashbey,Newcom,anewcomb3@ocn.ne.jp,Male,939-918-3137,South Africa,2023/03/01
401,Krishnah,Cheke,kchekeb4@geocities.jp,Male,812-159-3893,South Africa,2022/08/05
402,Alyda,Loomis,aloomisb5@google.fr,Female,820-311-0869,South Africa,2022/09/28
403,Charlotte,Keaveny,ckeavenyb6@sina.com.cn,Female,497-354-5756,South Africa,2022/07/14
404,Esteban,Meedendorpe,emeedendorpeb7@geocities.com,Male,339-597-7105,South Africa,2022/12/29
405,Haskell,Lambert,hlambertb8@biblegateway.com,Male,684-339-1611,South Africa,2023/05/10
406,Stern,Sorrill,ssorrillb9@bloglines.com,Male,198-667-5451,South Africa,2022/09/14
407,Keriann,Bateman,kbatemanba@google.co.jp,Female,461-303-4639,South Africa,2023/01/17
408,Stanton,Soame,ssoamebb@istockphoto.com,Male,752-703-1415,South Africa,2022/07/28
409,Bernadene,Paolillo,bpaolillobc@marketwatch.com,Female,437-223-4329,South Africa,2022/08/07
410,Bruis,Klimshuk,bklimshukbd@etsy.com,Male,912-266-0107,South Africa,2023/01/05
411,Sherrie,Dudley,sdudleybe@slate.com,Genderfluid,137-648-9928,South Africa,2023/05/18
412,Dean,Glendza,dglendzabf@springer.com,Male,561-905-0014,South Africa,2022/09/11
413,Parker,Knatt,pknattbg@nba.com,Male,329-526-8864,South Africa,2023/04/25
414,Adora,Wevell,awevellbh@wordpress.com,Female,795-440-0922,South Africa,2022/08/11
415,Wally,Kibbel,wkibbelbi@jugem.jp,Female,703-742-7101,South Africa,2022/08/26
416,Antone,Pimmocke,apimmockebj@wikia.com,Male,137-749-3318,South Africa,2022/10/22
417,Riley,De Michele,rdemichelebk@va.gov,Agender,475-341-9689,South Africa,2022/11/26
418,Hasty,Janzen,hjanzenbl@mail.ru,Male,997-254-9231,South Africa,2023/01/25
419,Melania,Dalgardno,mdalgardnobm@blogs.com,Female,686-582-6471,South Africa,2022/09/10
420,Barty,Boddice,bboddicebn@jimdo.com,Male,924-407-1274,South Africa,2022/07/03
421,Gisella,Ennor,gennorbo@washington.edu,Female,653-403-5704,South Africa,2022/08/15
422,Silvana,Lambert-Ciorwyn,slambertciorwynbp@sitemeter.com,Female,115-841-1451,South Africa,2022/11/10
423,Barthel,Atkyns,batkynsbq@gizmodo.com,Male,175-939-0020,South Africa,2022/12/19
424,Karissa,Gaynor,kgaynorbr@washington.edu,Female,959-470-4959,South Africa,2022/09/17
425,Alfred,Oscroft,aoscroftbs@mashable.com,Male,764-129-1006,South Africa,2022/07/05
426,Bekki,Dwire,bdwirebt@tinypic.com,Female,658-557-6689,South Africa,2022/11/24
427,Quentin,Chaperlin,qchaperlinbu@facebook.com,Female,764-104-0533,South Africa,2022/12/09
428,Eward,Barczynski,ebarczynskibv@addthis.com,Male,689-195-7331,South Africa,2023/02/10
429,Francisco,McGeady,fmcgeadybw@ifeng.com,Bigender,857-564-8210,South Africa,2022/11/18
430,Timmi,Scrange,tscrangebx@last.fm,Female,269-979-2990,South Africa,2022/06/27
431,Eleni,Humpherson,ehumphersonby@amazon.co.jp,Female,372-848-0774,South Africa,2023/02/23
432,Johanna,Cunrado,jcunradobz@eepurl.com,Agender,887-123-7422,South Africa,2022/09/05
433,Abba,Goodier,agoodierc0@opensource.org,Male,297-224-0212,South Africa,2022/06/13
434,Mira,Stoodley,mstoodleyc1@weather.com,Female,786-707-4768,South Africa,2022/08/15
435,Tawsha,De Gogay,tdegogayc2@answers.com,Female,453-708-8757,South Africa,2023/01/15
436,Kipp,Bannon,kbannonc3@nature.com,Non-binary,825-887-5949,South Africa,2022/11/13
437,Lira,Gasgarth,lgasgarthc4@about.com,Female,458-721-1684,South Africa,2022/09/05
438,Deerdre,Monnoyer,dmonnoyerc5@seattletimes.com,Female,178-653-2878,South Africa,2023/03/22
439,Rivi,Fantonetti,rfantonettic6@hostgator.com,Female,909-772-9814,South Africa,2022/08/23
440,Gaven,Derl,gderlc7@geocities.com,Male,682-113-6500,South Africa,2023/01/17
441,Val,Bayldon,vbayldonc8@home.pl,Female,205-575-2477,South Africa,2022/07/10
442,Zacherie,Fidilis,zfidilisc9@ihg.com,Male,368-520-9002,South Africa,2022/08/01
443,Rhianna,Ducarne,rducarneca@google.com.br,Female,691-203-9395,South Africa,2022/08/08
444,Constantina,Simonson,csimonsoncb@jalbum.net,Non-binary,918-136-0670,South Africa,2023/04/09
445,Roman,Sugg,rsuggcc@slate.com,Male,116-484-7325,South Africa,2022/10/23
446,Sully,Fullicks,sfullickscd@businesswire.com,Male,999-693-8929,South Africa,2022/10/30
447,Dirk,Casini,dcasinice@goo.gl,Non-binary,849-224-6458,South Africa,2023/03/31
448,Chloe,Naish,cnaishcf@harvard.edu,Female,947-891-8679,South Africa,2022/09/15
449,Patsy,MacRonald,pmacronaldcg@fc2.com,Non-binary,885-735-7954,South Africa,2023/01/01
450,Roland,Magrannell,rmagrannellch@sbwire.com,Male,378-264-2845,South Africa,2022/10/12
451,Garvey,Winder,gwinderci@netvibes.com,Male,128-306-9737,South Africa,2023/02/04
452,Kale,Collymore,kcollymorecj@nyu.edu,Male,777-602-2374,South Africa,2023/02/27
453,Charlotte,Srawley,csrawleyck@webeden.co.uk,Female,704-898-7771,South Africa,2022/06/06
454,Tull,Gosnell,tgosnellcl@newyorker.com,Male,957-281-6673,South Africa,2023/02/12
455,Thorsten,Santen,tsantencm@gizmodo.com,Male,156-796-5018,South Africa,2023/01/07
456,Celka,McIlwraith,cmcilwraithcn@pcworld.com,Female,495-934-4781,South Africa,2022/12/12
457,Clifford,Powlesland,cpowleslandco@cafepress.com,Male,517-565-5976,South Africa,2022/11/21
458,Ysabel,Fenney,yfenneycp@example.com,Female,415-168-4464,South Africa,2022/08/23
459,Torr,Kissick,tkissickcq@google.fr,Male,552-481-2855,South Africa,2023/04/09
460,Holden,Bartleman,hbartlemancr@unblog.fr,Male,574-395-4234,South Africa,2022/07/04
461,Briney,Broy,bbroycs@state.tx.us,Female,185-132-6767,South Africa,2022/09/11
462,Osbourn,Assiter,oassiterct@latimes.com,Male,501-243-5171,South Africa,2022/05/30
463,Frederique,Dudman,fdudmancu@tinypic.com,Female,136-602-2104,South Africa,2022/09/12
464,Ada,Teggart,ateggartcv@jalbum.net,Female,312-409-6777,South Africa,2022/08/17
465,Prue,Hammant,phammantcw@exblog.jp,Female,906-863-0954,South Africa,2022/10/03
466,Ron,Burley,rburleycx@sohu.com,Male,989-576-2459,South Africa,2023/04/20
467,Barret,O'Scully,boscullycy@craigslist.org,Male,430-744-7539,South Africa,2022/10/02
468,Mord,Pullar,mpullarcz@bravesites.com,Male,850-813-3914,South Africa,2022/11/25
469,Kerrill,Loveard,kloveardd0@census.gov,Female,982-928-5994,South Africa,2022/08/25
470,Jeanelle,Gerriessen,jgerriessend1@hexun.com,Bigender,331-613-9149,South Africa,2022/10/27
471,Gretchen,Alchin,galchind2@japanpost.jp,Female,533-490-4523,South Africa,2023/01/23
472,Franky,Fookes,ffookesd3@jimdo.com,Male,224-466-7019,South Africa,2023/04/18
473,Les,Kunkler,lkunklerd4@friendfeed.com,Male,375-456-3293,South Africa,2023/01/24
474,Hubey,Chaloner,hchalonerd5@utexas.edu,Male,645-855-0746,South Africa,2022/07/21
475,Agatha,Furneaux,afurneauxd6@etsy.com,Genderfluid,459-345-7389,South Africa,2022/06/11
476,Graehme,Goosey,ggooseyd7@people.com.cn,Male,527-976-7513,South Africa,2023/01/12
477,Quinn,McKirdy,qmckirdyd8@bizjournals.com,Bigender,356-150-4296,South Africa,2022/10/08
478,Rosalind,Major,rmajord9@parallels.com,Female,208-806-2135,South Africa,2023/02/10
479,Rose,McLleese,rmclleeseda@deviantart.com,Female,732-756-3226,South Africa,2022/07/11
480,Gerrard,Blackly,gblacklydb@ask.com,Male,927-527-2435,South Africa,2022/09/22
481,Moina,Ravenscraft,mravenscraftdc@lycos.com,Female,491-113-4803,South Africa,2023/01/07
482,Fiorenze,Tomaskunas,ftomaskunasdd@cdbaby.com,Female,314-688-7424,South Africa,2023/04/17
483,Ealasaid,Muffen,emuffende@go.com,Female,765-751-5870,South Africa,2022/06/25
484,Halsy,Bilbrook,hbilbrookdf@de.vu,Male,161-215-5607,South Africa,2022/12/30
485,Olvan,Alker,oalkerdg@github.io,Male,664-760-1238,South Africa,2023/03/08
486,Sunny,Huston,shustondh@ft.com,Non-binary,460-281-2650,South Africa,2022/09/20
487,Jordon,Jeyes,jjeyesdi@odnoklassniki.ru,Male,684-916-1095,South Africa,2023/03/03
488,Richard,Faiers,rfaiersdj@issuu.com,Male,357-728-3028,South Africa,2023/05/28
489,Georgie,Bunclark,gbunclarkdk@goodreads.com,Female,868-460-3025,South Africa,2023/02/27
490,Panchito,Fraschetti,pfraschettidl@nps.gov,Polygender,123-461-4800,South Africa,2022/11/13
491,Thatch,Winterbourne,twinterbournedm@ucoz.ru,Male,923-345-9370,South Africa,2023/01/23
492,Hobart,Carlyle,hcarlyledn@youtu.be,Male,950-998-8540,South Africa,2022/09/07
493,Vasili,Stranio,vstraniodo@dot.gov,Male,899-249-6758,South Africa,2023/02/17
494,Rhett,Yankov,ryankovdp@cnn.com,Polygender,771-520-6737,South Africa,2023/04/16
495,Rusty,Beavis,rbeavisdq@a8.net,Male,391-660-8291,South Africa,2022/12/13
496,Jenny,Erett,jerettdr@marketwatch.com,Female,959-383-8521,South Africa,2022/06/10
497,Dud,Dunbobbin,ddunbobbinds@illinois.edu,Male,972-640-3338,South Africa,2022/11/24
498,Grayce,MacCarlich,gmaccarlichdt@bbc.co.uk,Female,153-300-6206,South Africa,2022/11/03
499,Noe,Brookwood,nbrookwooddu@reference.com,Male,874-943-8322,South Africa,2022/06/28
500,Clem,Brodie,cbrodiedv@harvard.edu,Female,684-895-6193,South Africa,2023/01/04
501,Kingston,Calcutt,kcalcuttdw@t-online.de,Male,775-405-2980,South Africa,2022/05/30
502,Ailee,Dondon,adondondx@vk.com,Female,627-379-3917,South Africa,2023/01/11
503,Emanuele,Coskerry,ecoskerrydy@free.fr,Male,250-203-3364,South Africa,2023/05/14
504,Lyn,Apple,lappledz@microsoft.com,Female,799-921-9716,South Africa,2022/11/29
505,Jorrie,Ratcliff,jratcliffe0@google.ca,Female,696-735-9094,South Africa,2023/04/10
506,Konrad,Mashro,kmashroe1@t.co,Male,498-741-4796,South Africa,2022/10/23
507,Rosalinda,Micklewicz,rmicklewicze2@purevolume.com,Female,875-311-9446,South Africa,2023/02/19
508,Hermy,Hember,hhembere3@cmu.edu,Polygender,120-234-4409,South Africa,2022/08/12
509,Danny,Gunby,dgunbye4@cnn.com,Female,508-867-6583,South Africa,2022/08/12
510,Paxon,Moorrud,pmoorrude5@cnn.com,Male,123-171-9305,South Africa,2022/08/13
511,Ferdy,Bedburrow,fbedburrowe6@marketwatch.com,Male,197-389-8966,South Africa,2023/03/17
512,Ade,Halt,ahalte7@angelfire.com,Male,735-499-5028,South Africa,2022/12/06
513,Alasdair,Stocks,astockse8@mysql.com,Male,237-259-3935,South Africa,2022/10/31
514,Maxi,Penticost,mpenticoste9@psu.edu,Female,995-615-0412,South Africa,2023/01/25
515,Nikolas,Hounsom,nhounsomea@pcworld.com,Male,520-361-0232,South Africa,2023/01/27
516,Meriel,Harradence,mharradenceeb@webeden.co.uk,Non-binary,371-989-6945,South Africa,2023/04/22
517,Murry,Meeks,mmeeksec@twitter.com,Male,740-429-0128,South Africa,2022/07/27
518,Ive,Huke,ihukeed@artisteer.com,Male,293-880-6140,South Africa,2022/10/29
519,Iosep,Gostling,igostlingee@prnewswire.com,Male,447-885-2742,South Africa,2023/04/04
520,Malachi,Crowdace,mcrowdaceef@people.com.cn,Male,263-196-9026,South Africa,2022/06/14
521,Orsa,Gercke,ogerckeeg@harvard.edu,Female,373-130-0357,South Africa,2023/03/09
522,Terrijo,Airdrie,tairdrieeh@wunderground.com,Polygender,222-435-6252,South Africa,2023/03/29
523,Darren,Foan,dfoanei@woothemes.com,Male,873-459-2273,South Africa,2023/01/15
524,Giacobo,Astie,gastieej@webmd.com,Male,303-892-5068,South Africa,2023/03/02
525,Zoe,Riddoch,zriddochek@gmpg.org,Female,281-695-2463,South Africa,2022/12/28
526,Cecilius,Longea,clongeael@ameblo.jp,Male,699-497-8340,South Africa,2023/03/16
527,Nonie,McCrackan,nmccrackanem@mozilla.org,Female,602-708-1771,South Africa,2022/06/07
528,Garvey,Eidler,geidleren@youku.com,Male,373-955-1105,South Africa,2023/05/01
529,Lethia,Addionisio,laddionisioeo@wikimedia.org,Female,742-827-5011,South Africa,2022/09/07
530,Gwen,Caistor,gcaistorep@bloglovin.com,Female,624-188-6682,South Africa,2022/07/17
531,Kora,Bourchier,kbourchiereq@cnbc.com,Female,740-651-1830,South Africa,2023/01/09
532,Milli,Bastone,mbastoneer@wordpress.org,Female,890-220-6173,South Africa,2023/05/19
533,Mandel,Guille,mguillees@clickbank.net,Polygender,435-980-0171,South Africa,2022/06/01
534,Ruthanne,Andresser,randresseret@dyndns.org,Female,841-191-2307,South Africa,2023/05/15
535,Noland,Minchenton,nminchentoneu@archive.org,Male,531-859-4539,South Africa,2023/05/18
536,Elaina,Brockhouse,ebrockhouseev@instagram.com,Female,894-195-5916,South Africa,2022/10/25
537,Eliza,Davitti,edavittiew@salon.com,Female,621-151-3116,South Africa,2023/03/20
538,Gerrilee,Parsand,gparsandex@imageshack.us,Female,245-198-0079,South Africa,2022/06/08
539,Lutero,Alcorn,lalcorney@ca.gov,Male,461-145-5428,South Africa,2023/01/23
540,Giordano,Wharf,gwharfez@blinklist.com,Male,588-613-8354,South Africa,2023/01/26
541,Staci,Bowie,sbowief0@blog.com,Female,282-912-2885,South Africa,2023/01/21
542,Genni,Angove,gangovef1@blog.com,Female,811-487-8389,South Africa,2022/07/29
543,Perceval,Jolliss,pjollissf2@liveinternet.ru,Male,903-496-5848,South Africa,2022/11/12
544,Zebedee,Sanper,zsanperf3@people.com.cn,Male,324-702-8787,South Africa,2023/05/03
545,Kristan,Treweke,ktrewekef4@google.nl,Female,375-582-6009,South Africa,2022/10/12
546,Raphaela,O'Leary,rolearyf5@4shared.com,Genderfluid,476-531-5115,South Africa,2022/10/10
547,Ham,Wackett,hwackettf6@over-blog.com,Male,505-356-0622,South Africa,2022/07/08
548,Hortensia,Pomfrett,hpomfrettf7@ucoz.com,Female,711-592-4501,South Africa,2022/08/31
549,Jazmin,Dymott,jdymottf8@cbc.ca,Female,454-409-1183,South Africa,2023/04/04
550,Garrott,Wahner,gwahnerf9@phpbb.com,Male,885-681-6794,South Africa,2023/02/21
551,Donnell,Kyteley,dkyteleyfa@timesonline.co.uk,Male,121-216-3054,South Africa,2022/08/10
552,Laurice,Doy,ldoyfb@yale.edu,Female,130-655-8149,South Africa,2023/01/10
553,Betsy,Linskill,blinskillfc@columbia.edu,Female,540-367-0679,South Africa,2022/12/07
554,Concordia,Truran,ctruranfd@phpbb.com,Female,284-139-3534,South Africa,2023/04/16
555,Pammi,Strangwood,pstrangwoodfe@github.com,Female,942-759-9729,South Africa,2023/03/12
556,Nana,Filipczynski,nfilipczynskiff@msn.com,Female,929-237-8783,South Africa,2023/03/04
557,Elyse,Mainwaring,emainwaringfg@businesswire.com,Female,332-640-1877,South Africa,2023/02/05
558,Adoree,Penright,apenrightfh@adobe.com,Female,648-603-8420,South Africa,2022/10/03
559,Blinnie,Farnaby,bfarnabyfi@merriam-webster.com,Female,826-255-4268,South Africa,2022/09/17
560,Ava,Van De Cappelle,avandecappellefj@cpanel.net,Female,224-494-8330,South Africa,2022/11/13
561,Lindie,Ivers,liversfk@cornell.edu,Female,276-578-4235,South Africa,2022/08/28
562,Michail,Fallen,mfallenfl@un.org,Male,447-586-4676,South Africa,2022/10/02
563,Sarah,Ley,sleyfm@github.com,Female,128-847-4714,South Africa,2022/07/26
564,Rodrique,Mushart,rmushartfn@marketwatch.com,Male,473-900-5206,South Africa,2023/03/18
565,Ossie,Dudleston,odudlestonfo@mtv.com,Male,537-884-4759,South Africa,2023/03/28
566,Shaylynn,Sine,ssinefp@dyndns.org,Female,590-724-9957,South Africa,2022/09/22
567,Raphaela,Marran,rmarranfq@bigcartel.com,Female,486-732-9517,South Africa,2022/10/12
568,Hastings,Caldaro,hcaldarofr@oracle.com,Male,711-745-3995,South Africa,2022/07/06
569,Donaugh,Capron,dcapronfs@bloglovin.com,Male,100-513-7929,South Africa,2022/07/05
570,Bobby,Gosse,bgosseft@issuu.com,Male,595-588-7992,South Africa,2023/02/17
571,Joannes,MacQuist,jmacquistfu@jimdo.com,Female,637-676-8094,South Africa,2023/04/07
572,Patric,Cunniffe,pcunniffefv@hc360.com,Male,104-139-2905,South Africa,2022/08/22
573,Abby,Hairyes,ahairyesfw@europa.eu,Female,310-587-8123,South Africa,2023/02/15
574,Zondra,Duignan,zduignanfx@123-reg.co.uk,Female,206-900-5427,South Africa,2023/05/17
575,Tonnie,Gration,tgrationfy@imgur.com,Male,185-497-8549,South Africa,2022/11/22
576,Helli,Flea,hfleafz@eepurl.com,Female,649-890-3880,South Africa,2023/02/10
577,Joete,Smewing,jsmewingg0@noaa.gov,Female,788-955-7304,South Africa,2022/09/10
578,Morgen,Adney,madneyg1@reverbnation.com,Polygender,181-601-9553,South Africa,2023/03/25
579,Kale,Euler,keulerg2@deliciousdays.com,Male,873-982-6979,South Africa,2022/10/19
580,Arnaldo,O'Noulane,aonoulaneg3@ezinearticles.com,Male,566-741-2990,South Africa,2022/09/04
581,Hamlin,Paulich,hpaulichg4@godaddy.com,Male,526-111-9211,South Africa,2022/10/10
582,Jessamine,Petworth,jpetworthg5@china.com.cn,Female,472-464-3881,South Africa,2023/04/17
583,Artemis,Caudray,acaudrayg6@t.co,Male,149-136-9956,South Africa,2022/08/18
584,Xylia,Shwalbe,xshwalbeg7@cisco.com,Female,710-144-3991,South Africa,2022/11/01
585,Margette,Andrault,mandraultg8@seesaa.net,Female,912-972-1353,South Africa,2022/11/23
586,Benton,Weymouth,bweymouthg9@howstuffworks.com,Polygender,203-945-8104,South Africa,2023/05/19
587,Jennine,Norster,jnorsterga@cdc.gov,Female,157-841-2540,South Africa,2022/10/11
588,Rebeka,Davydzenko,rdavydzenkogb@ed.gov,Female,522-236-1998,South Africa,2022/12/05
589,Clara,Finker,cfinkergc@usgs.gov,Female,330-970-1972,South Africa,2023/01/04
590,Fayina,Walstow,fwalstowgd@yahoo.com,Female,846-525-5398,South Africa,2023/03/23
591,Gabriel,Fonquernie,gfonquerniege@nbcnews.com,Male,864-486-2509,South Africa,2023/01/13
592,Norbie,Broschke,nbroschkegf@dropbox.com,Non-binary,684-710-0751,South Africa,2022/12/02
593,Juieta,Beacock,jbeacockgg@forbes.com,Female,457-442-0148,South Africa,2023/05/05
594,Ozzie,Eastcourt,oeastcourtgh@gnu.org,Male,430-105-8961,South Africa,2023/05/01
595,Rochester,Jarley,rjarleygi@elpais.com,Male,379-748-1044,South Africa,2022/10/10
596,Arlette,Gilffillan,agilffillangj@dyndns.org,Female,240-458-2683,South Africa,2023/01/12
597,Allegra,Songhurst,asonghurstgk@shutterfly.com,Female,257-546-6966,South Africa,2022/09/26
598,Devan,Pencost,dpencostgl@wikispaces.com,Female,966-526-5346,South Africa,2023/01/06
599,Sheelah,Sulter,ssultergm@spotify.com,Female,981-703-8995,South Africa,2023/03/31
600,Kit,Held,kheldgn@boston.com,Male,947-206-2016,South Africa,2022/08/22
601,Collie,MacCafferty,cmaccaffertygo@smugmug.com,Female,317-957-6681,South Africa,2023/04/06
602,Riki,Rawet,rrawetgp@bizjournals.com,Female,875-668-8767,South Africa,2023/03/29
603,Caresse,Churchley,cchurchleygq@opera.com,Female,869-967-3942,South Africa,2022/06/16
604,Kipper,Doerling,kdoerlinggr@indiegogo.com,Male,181-662-2575,South Africa,2022/08/17
605,Barry,Slaughter,bslaughtergs@naver.com,Female,516-587-4754,South Africa,2022/09/07
606,Ambrosi,Dandie,adandiegt@clickbank.net,Bigender,601-559-9854,South Africa,2023/01/02
607,Cassius,Kaaskooper,ckaaskoopergu@foxnews.com,Male,377-876-6723,South Africa,2022/09/12
608,Robinson,Echalie,rechaliegv@yelp.com,Male,933-312-8097,South Africa,2022/10/03
609,Amelia,Wixey,awixeygw@posterous.com,Female,722-550-9376,South Africa,2022/10/07
610,Hazlett,Winter,hwintergx@utexas.edu,Male,831-825-0189,South Africa,2022/05/31
611,Jorgan,Scamwell,jscamwellgy@nsw.gov.au,Male,284-704-8272,South Africa,2023/01/09
612,Gabriele,Fiddian,gfiddiangz@hibu.com,Male,617-397-6382,South Africa,2022/07/30
613,Vilhelmina,Pedron,vpedronh0@unc.edu,Female,828-366-4993,South Africa,2023/04/19
614,Dominick,Hryniewicki,dhryniewickih1@si.edu,Male,890-676-4907,South Africa,2022/12/09
615,Kimmi,Strick,kstrickh2@businesswire.com,Female,906-500-7707,South Africa,2022/08/03
616,Bernie,Libreros,blibrerosh3@vimeo.com,Female,285-239-9220,South Africa,2022/06/13
617,Caria,Scougall,cscougallh4@mashable.com,Female,747-571-3214,South Africa,2023/03/19
618,Adah,Caizley,acaizleyh5@rediff.com,Polygender,900-866-1746,South Africa,2023/03/21
619,Sibbie,Burroughes,sburroughesh6@usatoday.com,Polygender,428-690-6395,South Africa,2022/07/16
620,Mitchel,Cuncliffe,mcuncliffeh7@netlog.com,Male,412-646-7047,South Africa,2022/07/29
621,Adelind,Grinval,agrinvalh8@blogspot.com,Female,491-312-6220,South Africa,2023/03/05
622,Marys,Grumley,mgrumleyh9@geocities.com,Female,282-788-3717,South Africa,2023/03/24
623,Rosalie,Dodgson,rdodgsonha@mozilla.com,Female,330-854-0762,South Africa,2023/01/09
624,Ulrick,Upfold,uupfoldhb@goo.ne.jp,Male,777-619-7406,South Africa,2022/08/29
625,Mella,Fearby,mfearbyhc@cafepress.com,Female,402-926-6053,South Africa,2022/12/05
626,Dominick,Agastina,dagastinahd@miitbeian.gov.cn,Male,622-683-5820,South Africa,2022/07/07
627,Amalia,Cleugh,acleughhe@xing.com,Female,861-662-6989,South Africa,2022/09/11
628,Edna,Corstorphine,ecorstorphinehf@adobe.com,Female,193-144-9663,South Africa,2022/08/07
629,Elisabetta,Jorio,ejoriohg@youku.com,Female,490-868-9421,South Africa,2022/11/14
630,Gonzalo,Rowsel,growselhh@webnode.com,Polygender,595-748-1159,South Africa,2022/06/21
631,Elvyn,Kennady,ekennadyhi@hatena.ne.jp,Genderfluid,393-534-4110,South Africa,2023/01/11
632,Madelene,Canadas,mcanadashj@rakuten.co.jp,Female,393-848-6051,South Africa,2023/05/29
633,Vaughn,Ayre,vayrehk@twitpic.com,Male,868-825-5184,South Africa,2023/03/28
634,Nanice,Gwillym,ngwillymhl@wikimedia.org,Non-binary,360-497-3720,South Africa,2023/05/01
635,Jourdan,Mann,jmannhm@theglobeandmail.com,Female,436-285-3961,South Africa,2023/04/03
636,Karon,Sharratt,ksharratthn@opensource.org,Female,665-347-8274,South Africa,2023/04/18
637,Aguistin,Venturoli,aventuroliho@quantcast.com,Male,677-960-3032,South Africa,2023/05/17
638,Adelind,Malan,amalanhp@artisteer.com,Female,833-304-9049,South Africa,2023/02/24
639,Reena,Stephens,rstephenshq@so-net.ne.jp,Female,502-465-7031,South Africa,2022/10/05
640,Wilmette,Kitteman,wkittemanhr@mac.com,Female,857-796-0359,South Africa,2022/10/15
641,Tuck,Schaffler,tschafflerhs@archive.org,Male,688-655-4990,South Africa,2022/11/06
642,Ugo,Maymand,umaymandht@fotki.com,Male,842-824-7775,South Africa,2023/01/02
643,Alden,Fairlaw,afairlawhu@blogtalkradio.com,Male,524-882-9240,South Africa,2022/10/05
644,Rabbi,Gullivent,rgulliventhv@umich.edu,Male,697-618-9474,South Africa,2023/01/21
645,Lauraine,Fieldgate,lfieldgatehw@lycos.com,Polygender,240-403-7887,South Africa,2023/02/23
646,Jocelyne,Skilling,jskillinghx@spiegel.de,Female,393-901-3216,South Africa,2022/07/20
647,Kaile,Hrishanok,khrishanokhy@ow.ly,Female,441-677-8063,South Africa,2022/10/16
648,Bartel,Dmitr,bdmitrhz@yellowbook.com,Male,895-416-9553,South Africa,2022/09/10
649,Munroe,Angerstein,mangersteini0@blogtalkradio.com,Male,201-422-0658,South Africa,2023/02/07
650,Yelena,MacGaughy,ymacgaughyi1@reuters.com,Female,811-681-9716,South Africa,2022/11/10
651,Kelcey,Woakes,kwoakesi2@techcrunch.com,Bigender,914-197-6632,South Africa,2023/03/13
652,Minnaminnie,Ferby,mferbyi3@gnu.org,Female,726-931-1004,South Africa,2022/10/06
653,Denise,Miskin,dmiskini4@google.cn,Female,463-314-1379,South Africa,2022/11/20
654,Marcel,Wedgwood,mwedgwoodi5@mediafire.com,Male,620-842-3006,South Africa,2023/03/01
655,Ginni,Preble,gpreblei6@youku.com,Female,879-126-6381,South Africa,2023/01/15
656,Reece,Thirlwell,rthirlwelli7@rambler.ru,Male,433-388-4782,South Africa,2022/06/28
657,Elroy,O' Shea,eosheai8@bizjournals.com,Male,816-184-6216,South Africa,2023/01/24
658,Julie,Chaim,jchaimi9@rakuten.co.jp,Male,923-164-0726,South Africa,2022/09/16
659,Hodge,Leisk,hleiskia@devhub.com,Male,920-756-9697,South Africa,2022/08/20
660,Ferdinande,Carabet,fcarabetib@php.net,Female,484-959-0719,South Africa,2022/10/04
661,Jeanne,Gorman,jgormanic@stumbleupon.com,Female,280-148-9449,South Africa,2022/09/09
662,Demetre,Rushworth,drushworthid@desdev.cn,Male,778-506-0803,South Africa,2022/06/04
663,Cirstoforo,Adamo,cadamoie@w3.org,Male,597-661-8457,South Africa,2022/07/01
664,Ronny,Scipsey,rscipseyif@europa.eu,Male,251-510-1313,South Africa,2022/10/25
665,Venus,Edgson,vedgsonig@oakley.com,Female,966-836-2205,South Africa,2022/07/09
666,Nata,Chestney,nchestneyih@sbwire.com,Female,762-278-1733,South Africa,2023/03/02
667,Letisha,Geelan,lgeelanii@mac.com,Female,460-660-9634,South Africa,2023/02/05
668,Karen,Laidel,klaidelij@desdev.cn,Female,176-216-0520,South Africa,2022/11/04
669,Gregory,Levane,glevaneik@hubpages.com,Male,926-857-4387,South Africa,2023/02/10
670,Berton,Gero,bgeroil@bigcartel.com,Male,750-781-4926,South Africa,2022/11/23
671,Jefferey,Kunc,jkuncim@google.com.br,Male,572-111-4748,South Africa,2023/05/17
672,Bear,Fullylove,bfullylovein@cnet.com,Male,315-821-4461,South Africa,2022/10/20
673,Boone,Costelloe,bcostelloeio@toplist.cz,Male,958-755-2028,South Africa,2022/09/23
674,Herold,Knowlys,hknowlysip@symantec.com,Agender,221-578-9278,South Africa,2023/02/08
675,Nerty,Pfaff,npfaffiq@fema.gov,Female,667-520-1351,South Africa,2022/07/23
676,Karyl,Advani,kadvaniir@storify.com,Female,794-224-7067,South Africa,2023/02/03
677,Kip,Tennewell,ktennewellis@hhs.gov,Agender,116-287-1251,South Africa,2022/06/03
678,Ernie,Berard,eberardit@bbb.org,Male,614-130-2015,South Africa,2023/05/02
679,Johnathon,Biddlestone,jbiddlestoneiu@networkadvertising.org,Male,885-643-1807,South Africa,2022/09/11
680,Shirline,Juszkiewicz,sjuszkiewicziv@engadget.com,Female,683-230-4794,South Africa,2023/04/12
681,Jarid,Langhorn,jlanghorniw@histats.com,Male,898-161-1148,South Africa,2022/11/13
682,Kalie,Condell,kcondellix@github.com,Female,649-151-9396,South Africa,2023/05/18
683,Leland,Pear,lpeariy@msu.edu,Male,885-334-7596,South Africa,2023/01/10
684,Willie,Kirley,wkirleyiz@addtoany.com,Female,552-497-9741,South Africa,2023/03/02
685,Devonne,Canaan,dcanaanj0@rakuten.co.jp,Female,961-383-1409,South Africa,2023/05/28
686,Joshua,Affron,jaffronj1@blogs.com,Male,149-424-6553,South Africa,2023/01/17
687,Shir,MacPeice,smacpeicej2@comsenz.com,Polygender,837-566-4485,South Africa,2022/07/07
688,Winfield,Touret,wtouretj3@adobe.com,Male,585-112-5356,South Africa,2023/02/19
689,Amandie,Rosier,arosierj4@foxnews.com,Female,650-364-1220,South Africa,2023/05/19
690,Vere,Hoggin,vhogginj5@icq.com,Female,797-362-7370,South Africa,2023/04/21
691,Tyrone,Kingswood,tkingswoodj6@t-online.de,Male,101-768-1209,South Africa,2023/03/09
692,Eliot,Frew,efrewj7@imgur.com,Male,310-169-9017,South Africa,2023/05/17
693,Bernardo,Rounsefull,brounsefullj8@blog.com,Male,313-425-6270,South Africa,2022/11/05
694,Deva,Spellicy,dspellicyj9@hibu.com,Female,946-170-8682,South Africa,2022/12/09
695,Gabriel,Cordon,gcordonja@google.co.uk,Male,114-865-4360,South Africa,2023/05/12
696,Kristo,Waterhouse,kwaterhousejb@harvard.edu,Male,978-325-4323,South Africa,2023/05/18
697,Lura,Brickner,lbricknerjc@ebay.co.uk,Female,597-262-5455,South Africa,2023/02/05
698,Beau,Colaton,bcolatonjd@engadget.com,Male,706-384-1703,South Africa,2022/07/20
699,Saunderson,Ferrarotti,sferrarottije@dropbox.com,Male,637-135-1614,South Africa,2023/02/11
700,Osbourne,Clew,oclewjf@elpais.com,Male,350-359-4613,South Africa,2023/02/14
701,Justis,Harries,jharriesjg@list-manage.com,Male,809-360-0854,South Africa,2023/03/18
702,Arturo,Grundy,agrundyjh@jugem.jp,Male,276-187-6185,South Africa,2022/10/23
703,Tammara,Yaxley,tyaxleyji@webmd.com,Female,923-118-9859,South Africa,2023/05/10
704,Granville,Rockell,grockelljj@google.it,Male,313-785-8759,South Africa,2022/12/07
705,Ariella,Cracoe,acracoejk@ameblo.jp,Female,874-159-7600,South Africa,2023/02/04
706,Kaleb,Goadby,kgoadbyjl@blinklist.com,Male,387-148-8009,South Africa,2022/07/28
707,Benito,Ortells,bortellsjm@stumbleupon.com,Male,455-904-0662,South Africa,2022/06/30
708,Harcourt,Shaw,hshawjn@huffingtonpost.com,Male,197-854-4799,South Africa,2023/03/18
709,Wilbert,Steet,wsteetjo@archive.org,Male,244-194-0663,South Africa,2023/05/26
710,Bengt,Scolland,bscollandjp@soup.io,Male,862-657-9168,South Africa,2022/07/14
711,Jon,Dedney,jdedneyjq@businessinsider.com,Male,710-335-4275,South Africa,2022/08/15
712,Bancroft,Simonsen,bsimonsenjr@4shared.com,Male,503-112-7001,South Africa,2023/02/13
713,Suzanne,Cardero,scarderojs@bing.com,Female,352-633-8563,South Africa,2023/03/11
714,Fredericka,Impy,fimpyjt@salon.com,Female,125-578-8557,South Africa,2023/05/19
715,Jermain,Hadwen,jhadwenju@about.com,Male,152-963-6169,South Africa,2022/08/03
716,Nesta,Dunn,ndunnjv@blog.com,Female,450-861-1916,South Africa,2022/11/11
717,Thadeus,McCullogh,tmcculloghjw@google.pl,Male,228-655-3319,South Africa,2022/09/17
718,Coretta,Nelius,cneliusjx@tripod.com,Female,313-654-8872,South Africa,2022/06/06
719,Randene,Maypowder,rmaypowderjy@ucla.edu,Genderfluid,717-169-8680,South Africa,2023/01/17
720,Ansley,McGilben,amcgilbenjz@dot.gov,Genderqueer,626-206-5769,South Africa,2022/08/12
721,Linnie,Sergent,lsergentk0@mozilla.com,Female,646-257-1606,South Africa,2022/06/08
722,Henryetta,Barfitt,hbarfittk1@statcounter.com,Female,333-407-8992,South Africa,2022/06/30
723,Ede,Brogden,ebrogdenk2@edublogs.org,Female,203-352-2536,South Africa,2023/03/20
724,Shawn,Fancy,sfancyk3@statcounter.com,Bigender,465-268-6905,South Africa,2022/10/09
725,Michel,Pude,mpudek4@xrea.com,Male,962-860-9503,South Africa,2022/08/27
726,Fleming,Kibbe,fkibbek5@furl.net,Male,717-135-7570,South Africa,2023/03/04
727,Bird,Bletsoe,bbletsoek6@admin.ch,Female,146-981-7234,South Africa,2022/11/27
728,Letizia,Aggus,laggusk7@dyndns.org,Female,605-459-4723,South Africa,2022/10/02
729,Althea,Claire,aclairek8@sun.com,Female,154-194-6300,South Africa,2022/09/07
730,Tibold,Shalcros,tshalcrosk9@t.co,Polygender,329-429-4244,South Africa,2023/01/17
731,Lorilee,Forsythe,lforsytheka@drupal.org,Female,927-455-4934,South Africa,2022/08/15
732,Correy,Berfoot,cberfootkb@who.int,Female,216-896-1005,South Africa,2022/08/20
733,Salim,Winscum,swinscumkc@army.mil,Male,879-773-3575,South Africa,2022/07/01
734,Colman,Collumbine,ccollumbinekd@yelp.com,Male,398-238-1100,South Africa,2023/01/13
735,Lorry,Mitchelmore,lmitchelmoreke@irs.gov,Female,848-594-5051,South Africa,2022/06/20
736,Alecia,Aleshkov,aaleshkovkf@walmart.com,Female,385-223-6426,South Africa,2023/03/07
737,Nikolaos,Peinton,npeintonkg@symantec.com,Male,279-692-7770,South Africa,2023/03/29
738,Pat,Lorentz,plorentzkh@rakuten.co.jp,Female,109-151-3680,South Africa,2023/01/11
739,Valli,Tarver,vtarverki@chronoengine.com,Female,825-486-2513,South Africa,2023/03/03
740,Chevalier,Coakley,ccoakleykj@mlb.com,Polygender,223-401-6427,South Africa,2022/10/11
741,Katrine,Ingraham,kingrahamkk@latimes.com,Female,520-830-5023,South Africa,2022/09/20
742,Olva,Randlesome,orandlesomekl@npr.org,Female,998-819-2882,South Africa,2023/03/07
743,Grannie,Gready,ggreadykm@xinhuanet.com,Male,547-877-4862,South Africa,2022/12/21
744,Lillis,Scrivin,lscrivinkn@sitemeter.com,Female,370-116-0974,South Africa,2023/04/02
745,Ruby,Cristofolini,rcristofoliniko@businessweek.com,Female,487-614-7109,South Africa,2022/06/22
746,Daffy,McDougald,dmcdougaldkp@microsoft.com,Female,533-561-0603,South Africa,2022/10/20
747,Ingmar,Todhunter,itodhunterkq@sohu.com,Non-binary,388-477-5782,South Africa,2022/07/22
748,Aggie,Folds,afoldskr@deliciousdays.com,Female,696-860-4737,South Africa,2023/03/15
749,Lotti,Shuttle,lshuttleks@businessinsider.com,Female,118-902-8068,South Africa,2023/02/16
750,Brittany,Seery,bseerykt@smh.com.au,Female,874-176-6835,South Africa,2023/03/07
751,Budd,Prall,bprallku@bloglines.com,Male,340-983-0898,South Africa,2023/01/17
752,Albert,Bullen,abullenkv@ask.com,Male,714-433-9005,South Africa,2023/02/11
753,Paxton,Densham,pdenshamkw@foxnews.com,Male,857-807-2467,South Africa,2022/12/19
754,Harald,Haine,hhainekx@amazon.co.jp,Male,149-530-7443,South Africa,2023/03/11
755,Rowney,Mulheron,rmulheronky@upenn.edu,Male,599-236-4142,South Africa,2022/12/24
756,Andrew,Liggett,aliggettkz@php.net,Male,453-730-4751,South Africa,2022/08/02
757,Kaine,Shane,kshanel0@dailymail.co.uk,Male,713-283-7474,South Africa,2022/12/28
758,Frazer,Curphey,fcurpheyl1@liveinternet.ru,Genderqueer,447-441-3046,South Africa,2022/12/12
759,Freddy,Kenford,fkenfordl2@illinois.edu,Male,963-573-1249,South Africa,2022/08/12
760,Roscoe,Beseke,rbesekel3@comsenz.com,Male,329-351-8551,South Africa,2022/10/06
761,Spense,Mannakee,smannakeel4@ebay.com,Male,923-814-7363,South Africa,2023/04/09
762,Wallis,Carnie,wcarniel5@japanpost.jp,Female,286-848-0273,South Africa,2023/03/16
763,Camilla,Fruish,cfruishl6@homestead.com,Female,905-639-5915,South Africa,2023/04/07
764,Cristine,Townsley,ctownsleyl7@lulu.com,Genderqueer,483-665-1751,South Africa,2022/09/07
765,Shanna,Bottjer,sbottjerl8@google.com,Female,252-246-9694,South Africa,2023/01/19
766,Renaud,Vigrass,rvigrassl9@opera.com,Male,297-514-8011,South Africa,2022/09/26
767,Guinna,Shivlin,gshivlinla@yandex.ru,Female,968-745-1237,South Africa,2022/08/09
768,Alvie,Hammel,ahammellb@google.cn,Male,123-145-0488,South Africa,2022/07/26
769,Martainn,Stearn,mstearnlc@themeforest.net,Male,820-895-7801,South Africa,2023/01/24
770,Sheba,Stoddard,sstoddardld@ibm.com,Female,208-915-6268,South Africa,2023/01/13
771,Gavin,Hordell,ghordellle@bloglines.com,Male,100-268-9818,South Africa,2023/01/05
772,Dasie,Yitzovitz,dyitzovitzlf@auda.org.au,Non-binary,164-898-3883,South Africa,2022/10/31
773,Delmer,Sotheby,dsothebylg@themeforest.net,Male,795-460-1580,South Africa,2022/07/22
774,Carson,Brydon,cbrydonlh@craigslist.org,Male,505-132-3667,South Africa,2023/01/21
775,Danila,Hyndes,dhyndesli@netvibes.com,Female,879-763-8507,South Africa,2022/09/06
776,Seward,Lowther,slowtherlj@newsvine.com,Bigender,217-827-0529,South Africa,2022/10/13
777,Pandora,Moutray Read,pmoutrayreadlk@free.fr,Non-binary,895-592-8931,South Africa,2023/02/04
778,Adiana,Alp,aalpll@sfgate.com,Female,106-315-9324,South Africa,2023/03/08
779,Marietta,Teers,mteerslm@gravatar.com,Female,492-237-8110,South Africa,2023/01/03
780,Keely,Rawkesby,krawkesbyln@histats.com,Female,680-966-6808,South Africa,2022/11/16
781,Gabbie,Hallard,ghallardlo@1688.com,Female,292-794-5293,South Africa,2022/07/20
782,Evelina,Eggerton,eeggertonlp@theatlantic.com,Female,983-890-1550,South Africa,2023/05/22
783,Myrle,Fulker,mfulkerlq@themeforest.net,Female,988-871-9910,South Africa,2023/01/14
784,Andree,Quickenden,aquickendenlr@g.co,Female,343-324-4868,South Africa,2022/08/27
785,Jemie,Remer,jremerls@ow.ly,Female,378-197-3213,South Africa,2023/03/11
786,Caleb,Oleszcuk,coleszcuklt@ucoz.com,Male,979-944-3581,South Africa,2023/03/28
787,Ryley,Mohan,rmohanlu@google.com.hk,Male,421-993-1674,South Africa,2023/05/26
788,Cassandry,Maylin,cmaylinlv@usgs.gov,Female,546-317-7764,South Africa,2023/04/21
789,Ward,Kristiansen,wkristiansenlw@amazon.de,Male,143-929-8060,South Africa,2022/09/28
790,Quintana,Anelay,qanelaylx@hibu.com,Female,114-692-7154,South Africa,2022/09/13
791,Abbot,Southcomb,asouthcombly@i2i.jp,Male,923-646-2095,South Africa,2022/11/15
792,Giff,Kemson,gkemsonlz@nsw.gov.au,Male,825-378-4094,South Africa,2022/11/05
793,Darrel,Munks,dmunksm0@xrea.com,Male,481-744-0790,South Africa,2022/06/11
794,Cazzie,Marty,cmartym1@mediafire.com,Male,367-689-1207,South Africa,2023/03/07
795,Bert,Borton,bbortonm2@bing.com,Male,781-260-4627,South Africa,2023/05/08
796,Wiatt,Domeney,wdomeneym3@reddit.com,Male,944-849-7679,South Africa,2022/06/24
797,Lorene,Garretson,lgarretsonm4@addtoany.com,Female,112-409-9451,South Africa,2022/08/17
798,Risa,Tulip,rtulipm5@house.gov,Female,619-770-5409,South Africa,2023/04/03
799,Horace,Giorgiutti,hgiorgiuttim6@shareasale.com,Male,868-658-5845,South Africa,2022/09/25
800,Guido,Grzegorecki,ggrzegoreckim7@about.com,Male,573-210-0054,South Africa,2022/08/10
801,Annabelle,Chadband,achadbandm8@reuters.com,Female,387-994-3649,South Africa,2022/12/18
802,Dur,Vannah,dvannahm9@goo.gl,Male,101-908-0160,South Africa,2022/09/27
803,Twila,Bartlet,tbartletma@miitbeian.gov.cn,Female,598-444-2207,South Africa,2022/06/07
804,Sarita,McCluin,smccluinmb@51.la,Female,264-152-0520,South Africa,2022/12/04
805,Cyndy,Lynnett,clynnettmc@facebook.com,Female,107-935-0291,South Africa,2022/06/26
806,Gawen,Kestle,gkestlemd@europa.eu,Male,450-721-8575,South Africa,2023/02/17
807,Dalston,Bigham,dbighamme@t.co,Non-binary,372-449-9943,South Africa,2022/09/13
808,Lilly,Hoston,lhostonmf@people.com.cn,Female,669-181-9453,South Africa,2023/03/17
809,Gracia,Schonfeld,gschonfeldmg@sphinn.com,Female,836-689-3526,South Africa,2022/07/14
810,Maris,Cluderay,mcluderaymh@parallels.com,Female,210-264-7438,South Africa,2022/10/06
811,Tyrone,Silver,tsilvermi@icio.us,Polygender,916-817-3024,South Africa,2022/07/30
812,Aida,Sheran,asheranmj@umn.edu,Female,531-421-4619,South Africa,2022/12/04
813,Christy,Trivett,ctrivettmk@reuters.com,Female,899-680-2901,South Africa,2022/06/09
814,Elvina,Leaves,eleavesml@unc.edu,Female,386-177-5103,South Africa,2022/08/23
815,Rae,Yelding,ryeldingmm@liveinternet.ru,Female,198-940-5630,South Africa,2022/07/30
816,Annabelle,Fursey,afurseymn@senate.gov,Female,549-135-8083,South Africa,2022/08/15
817,Daphene,Kirmond,dkirmondmo@merriam-webster.com,Female,608-718-2793,South Africa,2022/10/18
818,Clifford,Perle,cperlemp@google.com.au,Male,719-691-2501,South Africa,2023/03/30
819,Malina,Osband,mosbandmq@about.com,Female,225-149-3084,South Africa,2022/06/06
820,De witt,Goublier,dgoubliermr@buzzfeed.com,Male,390-683-7195,South Africa,2022/11/28
821,Amata,Naish,anaishms@npr.org,Female,834-737-1683,South Africa,2023/02/23
822,Ringo,Sandyfirth,rsandyfirthmt@princeton.edu,Male,659-665-3711,South Africa,2022/12/21
823,Nessi,Shackesby,nshackesbymu@amazon.de,Polygender,466-609-3579,South Africa,2022/11/25
824,Bryn,Hickinbottom,bhickinbottommv@mlb.com,Male,266-155-5859,South Africa,2023/03/04
825,Fairleigh,Vaggs,fvaggsmw@senate.gov,Male,535-223-0865,South Africa,2023/04/02
826,Leora,Minchin,lminchinmx@shutterfly.com,Female,711-842-1803,South Africa,2023/01/25
827,Ailyn,Gillet,agilletmy@mapquest.com,Female,514-982-4961,South Africa,2023/01/04
828,Annalise,Kinkade,akinkademz@paginegialle.it,Female,739-269-1415,South Africa,2023/01/31
829,Leora,Greenstreet,lgreenstreetn0@dyndns.org,Female,594-867-0321,South Africa,2023/03/08
830,Myrta,Milmore,mmilmoren1@paypal.com,Female,991-256-4821,South Africa,2023/01/02
831,Lainey,Gartery,lgarteryn2@cyberchimps.com,Agender,518-142-7713,South Africa,2022/07/03
832,Bevin,Laddle,bladdlen3@washingtonpost.com,Male,423-268-3886,South Africa,2022/11/22
833,Winnah,Rookeby,wrookebyn4@myspace.com,Female,630-663-2014,South Africa,2022/06/16
834,Skippie,Frankland,sfranklandn5@forbes.com,Male,592-790-7790,South Africa,2022/08/12
835,Marlena,Crass,mcrassn6@umich.edu,Female,373-476-9867,South Africa,2023/04/20
836,Quintin,Lulham,qlulhamn7@ox.ac.uk,Polygender,501-559-3938,South Africa,2022/06/04
837,Mauricio,Dekeyser,mdekeysern8@ycombinator.com,Male,121-797-3251,South Africa,2023/02/10
838,Nehemiah,Over,novern9@reddit.com,Male,158-472-0260,South Africa,2022/11/26
839,Lila,Solesbury,lsolesburyna@unesco.org,Female,199-927-2449,South Africa,2022/10/03
840,Wallis,Alessandrini,walessandrininb@devhub.com,Male,266-685-9734,South Africa,2022/09/12
841,Thorin,Coombes,tcoombesnc@phoca.cz,Male,910-411-0192,South Africa,2023/04/03
842,Kain,Farnill,kfarnillnd@state.gov,Male,548-982-6350,South Africa,2023/01/18
843,Faye,Corish,fcorishne@nationalgeographic.com,Female,991-144-3060,South Africa,2022/10/23
844,Nissa,Murrhardt,nmurrhardtnf@odnoklassniki.ru,Polygender,504-518-5027,South Africa,2023/04/29
845,Waldon,Bamborough,wbamboroughng@wikipedia.org,Male,558-523-9254,South Africa,2023/05/12
846,Ringo,Gepp,rgeppnh@wikimedia.org,Male,809-242-9454,South Africa,2023/03/14
847,Gilbertina,Stuehmeyer,gstuehmeyerni@netvibes.com,Female,436-167-4294,South Africa,2022/11/15
848,Reginald,Drawmer,rdrawmernj@webmd.com,Male,977-107-0079,South Africa,2022/06/29
849,Luciano,Cymper,lcympernk@de.vu,Male,528-228-9952,South Africa,2022/12/08
850,Cyndi,Cargill,ccargillnl@cyberchimps.com,Female,136-951-2357,South Africa,2022/09/26
851,Tiff,Fishby,tfishbynm@nih.gov,Female,360-209-5507,South Africa,2022/09/10
852,Andrej,Tabourin,atabourinnn@webeden.co.uk,Male,359-693-0182,South Africa,2022/11/16
853,Nanni,Ottee,notteeno@altervista.org,Female,747-158-4213,South Africa,2022/11/29
854,Cly,Enevoldsen,cenevoldsennp@foxnews.com,Male,407-169-2299,South Africa,2023/01/03
855,Kaile,Sandall,ksandallnq@prlog.org,Female,849-220-4869,South Africa,2023/01/08
856,Granthem,Towle,gtowlenr@thetimes.co.uk,Male,925-877-6350,South Africa,2022/08/02
857,Calida,Sango,csangons@biblegateway.com,Female,817-464-1512,South Africa,2022/06/25
858,Floris,Lindenfeld,flindenfeldnt@phpbb.com,Female,265-447-1585,South Africa,2023/03/01
859,Russell,Sedgeworth,rsedgeworthnu@flickr.com,Male,107-354-7514,South Africa,2023/03/09
860,Adolph,Thorneywork,athorneyworknv@google.com.hk,Male,227-830-1649,South Africa,2023/04/13
861,Julian,Brymham,jbrymhamnw@de.vu,Male,862-298-6028,South Africa,2023/03/22
862,Diann,Durand,ddurandnx@europa.eu,Non-binary,362-608-6280,South Africa,2023/04/22
863,Dun,Auden,daudenny@csmonitor.com,Male,477-361-7260,South Africa,2022/07/25
864,Prudi,McOwan,pmcowannz@rambler.ru,Female,140-799-9016,South Africa,2022/08/15
865,Shanda,Joselson,sjoselsono0@homestead.com,Agender,475-208-3169,South Africa,2022/10/27
866,Kit,Turfus,kturfuso1@nasa.gov,Male,518-276-2673,South Africa,2022/10/10
867,Ozzy,Frounks,ofrounkso2@elpais.com,Male,487-737-1117,South Africa,2023/05/19
868,Lana,Haskey,lhaskeyo3@sciencedirect.com,Female,937-942-6245,South Africa,2022/09/09
869,Tessi,Deamer,tdeamero4@mail.ru,Female,883-791-2605,South Africa,2023/05/22
870,Aguie,Giovannilli,agiovannillio5@earthlink.net,Male,568-244-9324,South Africa,2023/05/26
871,Arman,Varnham,avarnhamo6@unesco.org,Male,535-279-8949,South Africa,2022/09/05
872,Gregoire,Naismith,gnaismitho7@whitehouse.gov,Male,123-553-6401,South Africa,2023/05/05
873,Vanda,Yurocjhin,vyurocjhino8@ca.gov,Female,859-492-9703,South Africa,2022/06/01
874,Mohandis,Danaher,mdanahero9@fastcompany.com,Male,588-133-9339,South Africa,2022/08/21
875,Dwight,Wenman,dwenmanoa@geocities.jp,Male,634-510-7809,South Africa,2022/11/17
876,Norry,Loughlan,nloughlanob@cbc.ca,Male,221-959-4268,South Africa,2022/10/09
877,Blithe,Seargeant,bseargeantoc@ft.com,Agender,422-248-5178,South Africa,2023/04/24
878,Bonny,Padkin,bpadkinod@tiny.cc,Female,193-666-5681,South Africa,2023/02/10
879,Abbie,Bosenworth,abosenworthoe@bandcamp.com,Female,805-582-6123,South Africa,2022/08/07
880,Jarad,Scritch,jscritchof@howstuffworks.com,Male,837-938-7779,South Africa,2022/08/19
881,Harmony,Feehily,hfeehilyog@sphinn.com,Female,735-374-1192,South Africa,2022/10/04
882,Ryon,Keemar,rkeemaroh@msu.edu,Male,413-209-9751,South Africa,2023/03/19
883,Elayne,Aguilar,eaguilaroi@cloudflare.com,Female,170-865-2717,South Africa,2023/03/13
884,Reilly,Dalli,rdallioj@fotki.com,Genderfluid,960-472-0823,South Africa,2022/08/06
885,Shanda,Alenin,saleninok@deliciousdays.com,Female,695-727-3677,South Africa,2022/12/31
886,Valle,Dolligon,vdolligonol@wired.com,Male,276-155-9041,South Africa,2022/08/25
887,Maddie,Gregore,mgregoreom@jalbum.net,Agender,455-742-2887,South Africa,2023/03/01
888,Katharina,Valintine,kvalintineon@people.com.cn,Genderfluid,663-816-5153,South Africa,2022/06/08
889,Tamas,Geratt,tgerattoo@walmart.com,Bigender,421-860-2407,South Africa,2022/08/20
890,Blinnie,Truscott,btruscottop@skype.com,Female,328-873-3571,South Africa,2023/01/20
891,Xenos,Tilson,xtilsonoq@wikimedia.org,Male,489-551-1528,South Africa,2022/12/22
892,Rochester,Toffoloni,rtoffolonior@bravesites.com,Male,800-130-6255,South Africa,2023/04/05
893,Edita,Elleyne,eelleyneos@angelfire.com,Female,340-334-4661,South Africa,2022/07/07
894,Aura,Barosch,abaroschot@statcounter.com,Female,968-901-1683,South Africa,2022/12/26
895,Vanya,Doyle,vdoyleou@vimeo.com,Male,573-776-3056,South Africa,2022/06/20
896,Bram,Renforth,brenforthov@ebay.co.uk,Male,320-198-0858,South Africa,2022/06/01
897,Allissa,Penfold,apenfoldow@creativecommons.org,Female,579-704-9296,South Africa,2023/02/02
898,Dania,Ellit,dellitox@tripadvisor.com,Female,158-609-5249,South Africa,2022/11/25
899,Rea,Geistmann,rgeistmannoy@facebook.com,Female,371-315-3340,South Africa,2023/03/06
900,Gregg,Javes,gjavesoz@independent.co.uk,Male,883-195-9332,South Africa,2022/12/28
901,Jamey,Loverock,jloverockp0@t-online.de,Male,904-121-7270,South Africa,2023/04/06
902,Sibby,Thomann,sthomannp1@cargocollective.com,Female,812-870-3881,South Africa,2022/12/04
903,Kenon,Obbard,kobbardp2@barnesandnoble.com,Male,929-914-5189,South Africa,2023/01/21
904,Piggy,Adamczyk,padamczykp3@fc2.com,Male,798-302-9360,South Africa,2023/01/25
905,Idelle,Leighton,ileightonp4@techcrunch.com,Female,854-506-7044,South Africa,2023/04/16
906,Ferd,Bryden,fbrydenp5@businesswire.com,Male,384-715-7475,South Africa,2023/02/15
907,Ignaz,Lemery,ilemeryp6@google.ca,Male,898-945-9875,South Africa,2022/09/23
908,Petronilla,Farish,pfarishp7@mlb.com,Female,740-300-4346,South Africa,2022/07/04
909,Bank,Whetson,bwhetsonp8@furl.net,Male,452-646-7460,South Africa,2023/01/03
910,Warren,Gregory,wgregoryp9@mtv.com,Male,316-152-2162,South Africa,2022/12/21
911,Alvie,Brachell,abrachellpa@opera.com,Male,409-835-6814,South Africa,2022/08/10
912,Pamelina,Pridding,ppriddingpb@smugmug.com,Female,620-561-8905,South Africa,2022/11/06
913,Dollie,Ludwell,dludwellpc@newsvine.com,Female,683-224-7024,South Africa,2022/08/08
914,Geri,Ivanchov,givanchovpd@acquirethisname.com,Male,587-602-3397,South Africa,2023/03/30
915,Rene,Granger,rgrangerpe@webs.com,Male,234-482-8169,South Africa,2022/10/09
916,Donni,Farahar,dfaraharpf@blog.com,Female,105-695-8433,South Africa,2022/09/21
917,Dorette,Fulop,dfuloppg@noaa.gov,Agender,387-539-5882,South Africa,2023/03/02
918,Puff,Beneze,pbenezeph@seattletimes.com,Male,968-856-4794,South Africa,2022/10/04
919,Stoddard,MacNeilage,smacneilagepi@google.nl,Female,267-357-6790,South Africa,2023/03/18
920,Candie,Tewkesberrie,ctewkesberriepj@plala.or.jp,Polygender,801-952-5683,South Africa,2022/12/11
921,Alfie,Knobell,aknobellpk@wikia.com,Female,180-933-0091,South Africa,2023/05/26
922,Eddie,Gearty,egeartypl@sciencedaily.com,Male,221-273-3722,South Africa,2022/06/20
923,Geordie,McDermid,gmcdermidpm@slashdot.org,Male,627-618-1055,South Africa,2022/12/18
924,Inness,Lovekin,ilovekinpn@cdc.gov,Male,234-920-0250,South Africa,2022/09/08
925,Rodolphe,Bodechon,rbodechonpo@reverbnation.com,Male,241-272-7677,South Africa,2023/05/01
926,Dwayne,Shakeshaft,dshakeshaftpp@twitpic.com,Male,576-549-7181,South Africa,2023/05/12
927,Brockie,Wakely,bwakelypq@simplemachines.org,Male,383-482-0935,South Africa,2022/09/27
928,Orville,Forbes,oforbespr@samsung.com,Genderqueer,312-259-1154,South Africa,2023/01/12
929,Lucas,Meiklem,lmeiklemps@yelp.com,Male,211-759-6797,South Africa,2023/05/13
930,Everard,Scawton,escawtonpt@shareasale.com,Male,329-272-6330,South Africa,2022/06/22
931,Blair,Renfree,brenfreepu@google.co.uk,Female,561-515-5112,South Africa,2022/06/08
932,Rosette,Custard,rcustardpv@skyrock.com,Female,799-379-4118,South Africa,2022/12/10
933,Orin,Boodell,oboodellpw@washington.edu,Agender,539-833-9448,South Africa,2022/09/26
934,Taite,Overthrow,toverthrowpx@amazon.com,Male,299-777-5357,South Africa,2022/12/29
935,Phyllys,Gillice,pgillicepy@forbes.com,Female,616-509-9714,South Africa,2023/05/29
936,Stillmann,Paulig,spauligpz@ocn.ne.jp,Male,616-158-9846,South Africa,2022/12/01
937,Lanny,Kubik,lkubikq0@redcross.org,Female,353-987-0170,South Africa,2023/04/06
938,Baxie,Sterricks,bsterricksq1@csmonitor.com,Male,478-520-5871,South Africa,2023/04/29
939,Clayson,Mundell,cmundellq2@reuters.com,Male,341-296-2371,South Africa,2023/03/20
940,Dania,Paraman,dparamanq3@ed.gov,Female,163-965-2382,South Africa,2022/07/30
941,Alison,Alloisi,aalloisiq4@stanford.edu,Female,302-473-3814,South Africa,2022/07/25
942,Bambie,Yurov,byurovq5@addtoany.com,Female,714-949-2150,South Africa,2023/01/11
943,Lorilee,Novichenko,lnovichenkoq6@tamu.edu,Genderqueer,727-687-4584,South Africa,2022/12/06
944,Joete,Berceros,jbercerosq7@shareasale.com,Female,328-779-0233,South Africa,2022/06/10
945,Karen,Fahey,kfaheyq8@mozilla.com,Female,346-416-8878,South Africa,2022/07/02
946,Bryant,Broggelli,bbroggelliq9@hexun.com,Male,692-113-1600,South Africa,2023/02/08
947,Alisa,Burnyate,aburnyateqa@hhs.gov,Female,513-244-9182,South Africa,2023/04/29
948,Asa,Ede,aedeqb@mlb.com,Male,870-261-1419,South Africa,2023/04/27
949,Neely,Powles,npowlesqc@umn.edu,Bigender,769-219-7571,South Africa,2023/01/12
950,Stavro,Broughton,sbroughtonqd@indiegogo.com,Male,564-321-6014,South Africa,2022/10/03
951,Stanley,Jojic,sjojicqe@marketwatch.com,Male,531-560-4952,South Africa,2022/08/13
952,Dusty,McGunley,dmcgunleyqf@harvard.edu,Female,444-180-9224,South Africa,2023/04/15
953,Riordan,Simoes,rsimoesqg@omniture.com,Male,905-225-9940,South Africa,2023/05/14
954,Barnaby,Tomanek,btomanekqh@google.com.br,Male,398-184-5161,South Africa,2022/11/19
955,Terencio,Rein,treinqi@live.com,Male,411-967-4612,South Africa,2022/08/08
956,Everett,Branscomb,ebranscombqj@parallels.com,Male,594-626-2477,South Africa,2022/10/13
957,Sonnie,Stanney,sstanneyqk@deviantart.com,Male,937-466-8537,South Africa,2022/08/12
958,Dare,Dran,ddranql@wsj.com,Male,108-693-2618,South Africa,2023/01/28
959,Cherise,Foxten,cfoxtenqm@ihg.com,Female,333-468-3593,South Africa,2022/12/24
960,Gianna,Edmenson,gedmensonqn@wired.com,Genderqueer,807-377-4429,South Africa,2023/04/07
961,Elna,Mavin,emavinqo@craigslist.org,Female,466-959-8003,South Africa,2022/10/16
962,Ware,Claypool,wclaypoolqp@tripadvisor.com,Male,321-316-4811,South Africa,2022/10/12
963,Addie,Pollok,apollokqq@va.gov,Female,226-340-5097,South Africa,2022/10/30
964,Welsh,Haysey,whayseyqr@deliciousdays.com,Male,268-437-4483,South Africa,2023/05/06
965,Howey,Longland,hlonglandqs@indiegogo.com,Male,544-788-4510,South Africa,2023/04/15
966,Kimball,Pidcock,kpidcockqt@fda.gov,Male,759-526-7776,South Africa,2022/06/24
967,Jobey,Duester,jduesterqu@simplemachines.org,Female,272-768-2576,South Africa,2022/11/30
968,Alexis,Farnell,afarnellqv@mit.edu,Female,259-226-0833,South Africa,2022/10/10
969,Flemming,Brech,fbrechqw@homestead.com,Male,860-414-6257,South Africa,2023/04/18
970,Broderick,Dodsworth,bdodsworthqx@about.com,Male,495-521-9339,South Africa,2022/09/05
971,Emmalyn,Purkis,epurkisqy@army.mil,Female,864-380-8079,South Africa,2022/12/26
972,Immanuel,Armfirld,iarmfirldqz@blogspot.com,Male,335-871-2495,South Africa,2023/03/04
973,Wadsworth,Berntssen,wberntssenr0@ox.ac.uk,Male,815-922-3975,South Africa,2023/05/20
974,Gabe,Peaden,gpeadenr1@so-net.ne.jp,Male,505-757-4712,South Africa,2022/09/15
975,Vinita,Peevor,vpeevorr2@vinaora.com,Female,651-657-9113,South Africa,2023/03/21
976,Gerty,Strathearn,gstrathearnr3@mashable.com,Female,450-771-6048,South Africa,2022/06/18
977,Lona,Ridde,lridder4@woothemes.com,Genderfluid,740-991-9546,South Africa,2022/07/19
978,Concettina,Fudge,cfudger5@qq.com,Female,491-769-1404,South Africa,2023/03/23
979,Gun,Sambidge,gsambidger6@wikipedia.org,Male,301-212-4751,South Africa,2022/09/08
980,Frazier,Giraudeau,fgiraudeaur7@barnesandnoble.com,Male,838-656-1784,South Africa,2022/10/17
981,Rocky,Simonnet,rsimonnetr8@xing.com,Male,520-697-9292,South Africa,2022/06/25
982,Marylinda,Morratt,mmorrattr9@cnn.com,Female,989-631-1361,South Africa,2023/02/12
983,Trumann,Calbert,tcalbertra@ycombinator.com,Male,340-570-5235,South Africa,2022/10/28
984,Tessi,Chimes,tchimesrb@slideshare.net,Female,384-958-8353,South Africa,2022/07/08
985,Denver,Matonin,dmatoninrc@qq.com,Male,768-337-3313,South Africa,2022/12/09
986,Mareah,Greetham,mgreethamrd@yellowbook.com,Female,871-840-8745,South Africa,2022/11/06
987,Ciel,Foord,cfoordre@wufoo.com,Female,383-942-0304,South Africa,2022/08/23
988,Traver,Vinnick,tvinnickrf@printfriendly.com,Male,776-541-2139,South Africa,2023/05/29
989,Tito,Fantonetti,tfantonettirg@noaa.gov,Male,818-567-8122,South Africa,2022/08/27
990,Conrad,Haythorn,chaythornrh@bravesites.com,Male,457-202-0197,South Africa,2022/09/30
991,Zeke,Nequest,znequestri@blogtalkradio.com,Male,456-891-9085,South Africa,2022/10/27
992,Ervin,Allawy,eallawyrj@github.com,Male,183-959-3432,South Africa,2022/11/05
993,Amery,Strowger,astrowgerrk@hud.gov,Male,316-540-0706,South Africa,2022/12/05
994,Wakefield,Curtayne,wcurtaynerl@clickbank.net,Male,982-736-6929,South Africa,2022/07/13
995,Rianon,Zanotti,rzanottirm@dyndns.org,Female,301-542-3782,South Africa,2022/08/31
996,Chelsy,Palumbo,cpalumborn@t.co,Female,186-499-5630,South Africa,2023/01/10
997,Pavla,Tulley,ptulleyro@gmpg.org,Female,579-758-4142,South Africa,2023/03/02
998,Jaymie,Birds,jbirdsrp@quantcast.com,Male,619-107-3095,South Africa,2022/11/10
999,Ulric,Nuzzi,unuzzirq@taobao.com,Male,957-653-2456,South Africa,2022/11/12
1000,Lilly,Furmston,lfurmstonrr@ifeng.com,Female,482-768-0852,South Africa,2023/05/18
